Command line invocation:
    /Applications/Xcode_26.6.app/Contents/Developer/usr/bin/xcodebuild -project Edith.xcodeproj -scheme Edith -configuration Release -sdk iphoneos -destination generic/platform=iOS -derivedDataPath build -skipPackagePluginValidation -skipMacroValidation CODE_SIGNING_ALLOWED=NO CODE_SIGNING_REQUIRED=NO CODE_SIGN_IDENTITY= DEVELOPMENT_TEAM= build

Build settings from command line:
    CODE_SIGN_IDENTITY = 
    CODE_SIGNING_ALLOWED = NO
    CODE_SIGNING_REQUIRED = NO
    DEVELOPMENT_TEAM = 
    SDKROOT = iphoneos26.5

Resolve Package Graph

Fetching from https://github.com/facebook/meta-wearables-dat-ios (cached)

Creating working copy of package ‘meta-wearables-dat-ios’

Checking out 0.9.0 of package ‘meta-wearables-dat-ios’


Resolved source packages:
  MetaWearablesDAT: https://github.com/facebook/meta-wearables-dat-ios @ 0.9.0

2026-09-04 14:39:57.190 xcodebuild[4288:16794] [MT] IDERunDestination: Supported platforms for the buildables in the current scheme is empty.
note: Using codesigning identity override: 
ComputePackagePrebuildTargetDependencyGraph

Prepare packages

CreateBuildRequest

SendProjectDescription

CreateBuildOperation

ComputeTargetDependencyGraph
note: Building targets in dependency order
note: Target dependency graph (3 targets)
    Target 'Edith' in project 'Edith'
        ➜ Explicit dependency on target 'MWDATCore' in project 'MetaWearablesDAT'
        ➜ Explicit dependency on target 'MWDATCamera' in project 'MetaWearablesDAT'
    Target 'MWDATCamera' in project 'MetaWearablesDAT' (no dependencies)
    Target 'MWDATCore' in project 'MetaWearablesDAT' (no dependencies)

GatherProvisioningInputs

CreateBuildDescription

ExecuteExternalTool /Applications/Xcode_26.6.app/Contents/Developer/usr/bin/actool --print-asset-tag-combinations --output-format xml1 /Users/runner/work/edith/edith/Edith/Assets.xcassets

ExecuteExternalTool /Applications/Xcode_26.6.app/Contents/Developer/Toolchains/XcodeDefault.xctoolchain/usr/bin/clang -v -E -dM -isysroot /Applications/Xcode_26.6.app/Contents/Developer/Platforms/iPhoneOS.platform/Developer/SDKs/iPhoneOS26.5.sdk -x c -c /dev/null

ExecuteExternalTool /Applications/Xcode_26.6.app/Contents/Developer/usr/bin/actool --version --output-format xml1

ExecuteExternalTool /Applications/Xcode_26.6.app/Contents/Developer/Toolchains/XcodeDefault.xctoolchain/usr/bin/swiftc --version

ExecuteExternalTool /Applications/Xcode_26.6.app/Contents/Developer/Toolchains/XcodeDefault.xctoolchain/usr/bin/ld -version_details

Build description signature: ceb84106f24f6bc1bfb91e37b9765377
Build description path: /Users/runner/work/edith/edith/build/Build/Intermediates.noindex/XCBuildData/ceb84106f24f6bc1bfb91e37b9765377.xcbuilddata
ClangStatCache /Applications/Xcode_26.6.app/Contents/Developer/Toolchains/XcodeDefault.xctoolchain/usr/bin/clang-stat-cache /Applications/Xcode_26.6.app/Contents/Developer/Platforms/iPhoneOS.platform/Developer/SDKs/iPhoneOS26.5.sdk /Users/runner/work/edith/edith/build/SDKStatCaches.noindex/iphoneos26.5-23F81a-688ef53f1462e2c8f657fdc38a81448fee66e23052a0157c865c76b268046726.sdkstatcache
    cd /Users/runner/work/edith/edith/Edith.xcodeproj
    /Applications/Xcode_26.6.app/Contents/Developer/Toolchains/XcodeDefault.xctoolchain/usr/bin/clang-stat-cache /Applications/Xcode_26.6.app/Contents/Developer/Platforms/iPhoneOS.platform/Developer/SDKs/iPhoneOS26.5.sdk -o /Users/runner/work/edith/edith/build/SDKStatCaches.noindex/iphoneos26.5-23F81a-688ef53f1462e2c8f657fdc38a81448fee66e23052a0157c865c76b268046726.sdkstatcache

CreateBuildDirectory /Users/runner/work/edith/edith/build/Build/Products
    cd /Users/runner/work/edith/edith/Edith.xcodeproj
    builtin-create-build-directory /Users/runner/work/edith/edith/build/Build/Products

CreateBuildDirectory /Users/runner/work/edith/edith/build/Build/Intermediates.noindex
    cd /Users/runner/work/edith/edith/Edith.xcodeproj
    builtin-create-build-directory /Users/runner/work/edith/edith/build/Build/Intermediates.noindex

WriteAuxiliaryFile /Users/runner/work/edith/edith/build/Build/Intermediates.noindex/Edith.build/Release-iphoneos/Edith-e1e6a6c01ee8cca01c99c8c1eb8ed8c1-VFS-iphoneos/all-product-headers.yaml
    cd /Users/runner/work/edith/edith/Edith.xcodeproj
    write-file /Users/runner/work/edith/edith/build/Build/Intermediates.noindex/Edith.build/Release-iphoneos/Edith-e1e6a6c01ee8cca01c99c8c1eb8ed8c1-VFS-iphoneos/all-product-headers.yaml

CreateBuildDirectory /Users/runner/work/edith/edith/build/Build/Products/Release-iphoneos
    cd /Users/runner/work/edith/edith/Edith.xcodeproj
    builtin-create-build-directory /Users/runner/work/edith/edith/build/Build/Products/Release-iphoneos

CreateBuildDirectory /Users/runner/work/edith/edith/build/Build/Intermediates.noindex/SwiftExplicitPrecompiledModules
    cd /Users/runner/work/edith/edith/Edith.xcodeproj
    builtin-create-build-directory /Users/runner/work/edith/edith/build/Build/Intermediates.noindex/SwiftExplicitPrecompiledModules

CreateBuildDirectory /Users/runner/work/edith/edith/build/Build/Intermediates.noindex/ExplicitPrecompiledModules
    cd /Users/runner/work/edith/edith/Edith.xcodeproj
    builtin-create-build-directory /Users/runner/work/edith/edith/build/Build/Intermediates.noindex/ExplicitPrecompiledModules

ProcessXCFramework /Users/runner/work/edith/edith/build/SourcePackages/checkouts/meta-wearables-dat-ios/MWDATCore.xcframework /Users/runner/work/edith/edith/build/Build/Products/Release-iphoneos/MWDATCore.framework ios
    cd /Users/runner/work/edith/edith/Edith.xcodeproj
    builtin-process-xcframework --xcframework /Users/runner/work/edith/edith/build/SourcePackages/checkouts/meta-wearables-dat-ios/MWDATCore.xcframework --platform ios --target-path /Users/runner/work/edith/edith/build/Build/Products/Release-iphoneos

ProcessXCFramework /Users/runner/work/edith/edith/build/SourcePackages/checkouts/meta-wearables-dat-ios/MWDATCamera.xcframework /Users/runner/work/edith/edith/build/Build/Products/Release-iphoneos/MWDATCamera.framework ios
    cd /Users/runner/work/edith/edith/Edith.xcodeproj
    builtin-process-xcframework --xcframework /Users/runner/work/edith/edith/build/SourcePackages/checkouts/meta-wearables-dat-ios/MWDATCamera.xcframework --platform ios --target-path /Users/runner/work/edith/edith/build/Build/Products/Release-iphoneos

CreateBuildDirectory /Users/runner/work/edith/edith/build/Build/Products/Release-iphoneos/PackageFrameworks
    cd /Users/runner/work/edith/edith/Edith.xcodeproj
    builtin-create-build-directory /Users/runner/work/edith/edith/build/Build/Products/Release-iphoneos/PackageFrameworks

CreateBuildDirectory /Users/runner/work/edith/edith/build/Build/Intermediates.noindex/EagerLinkingTBDs/Release-iphoneos
    cd /Users/runner/work/edith/edith/Edith.xcodeproj
    builtin-create-build-directory /Users/runner/work/edith/edith/build/Build/Intermediates.noindex/EagerLinkingTBDs/Release-iphoneos

WriteAuxiliaryFile /Users/runner/work/edith/edith/build/Build/Intermediates.noindex/Edith.build/Release-iphoneos/Edith.build/Objects-normal/arm64/Edith_const_extract_protocols.json (in target 'Edith' from project 'Edith')
    cd /Users/runner/work/edith/edith
    write-file /Users/runner/work/edith/edith/build/Build/Intermediates.noindex/Edith.build/Release-iphoneos/Edith.build/Objects-normal/arm64/Edith_const_extract_protocols.json

WriteAuxiliaryFile /Users/runner/work/edith/edith/build/Build/Intermediates.noindex/Edith.build/Release-iphoneos/Edith.build/Objects-normal/arm64/Edith.SwiftFileList (in target 'Edith' from project 'Edith')
    cd /Users/runner/work/edith/edith
    write-file /Users/runner/work/edith/edith/build/Build/Intermediates.noindex/Edith.build/Release-iphoneos/Edith.build/Objects-normal/arm64/Edith.SwiftFileList

WriteAuxiliaryFile /Users/runner/work/edith/edith/build/Build/Intermediates.noindex/Edith.build/Release-iphoneos/Edith.build/Objects-normal/arm64/Edith.SwiftConstValuesFileList (in target 'Edith' from project 'Edith')
    cd /Users/runner/work/edith/edith
    write-file /Users/runner/work/edith/edith/build/Build/Intermediates.noindex/Edith.build/Release-iphoneos/Edith.build/Objects-normal/arm64/Edith.SwiftConstValuesFileList

WriteAuxiliaryFile /Users/runner/work/edith/edith/build/Build/Intermediates.noindex/Edith.build/Release-iphoneos/Edith.build/Objects-normal/arm64/Edith.LinkFileList (in target 'Edith' from project 'Edith')
    cd /Users/runner/work/edith/edith
    write-file /Users/runner/work/edith/edith/build/Build/Intermediates.noindex/Edith.build/Release-iphoneos/Edith.build/Objects-normal/arm64/Edith.LinkFileList

WriteAuxiliaryFile /Users/runner/work/edith/edith/build/Build/Intermediates.noindex/Edith.build/Release-iphoneos/Edith.build/Objects-normal/arm64/Edith-OutputFileMap.json (in target 'Edith' from project 'Edith')
    cd /Users/runner/work/edith/edith
    write-file /Users/runner/work/edith/edith/build/Build/Intermediates.noindex/Edith.build/Release-iphoneos/Edith.build/Objects-normal/arm64/Edith-OutputFileMap.json

WriteAuxiliaryFile /Users/runner/work/edith/edith/build/Build/Intermediates.noindex/Edith.build/Release-iphoneos/Edith.build/Edith.hmap (in target 'Edith' from project 'Edith')
    cd /Users/runner/work/edith/edith
    write-file /Users/runner/work/edith/edith/build/Build/Intermediates.noindex/Edith.build/Release-iphoneos/Edith.build/Edith.hmap

WriteAuxiliaryFile /Users/runner/work/edith/edith/build/Build/Intermediates.noindex/Edith.build/Release-iphoneos/Edith.build/Edith.DependencyStaticMetadataFileList (in target 'Edith' from project 'Edith')
    cd /Users/runner/work/edith/edith
    write-file /Users/runner/work/edith/edith/build/Build/Intermediates.noindex/Edith.build/Release-iphoneos/Edith.build/Edith.DependencyStaticMetadataFileList

WriteAuxiliaryFile /Users/runner/work/edith/edith/build/Build/Intermediates.noindex/Edith.build/Release-iphoneos/Edith.build/Edith.DependencyMetadataFileList (in target 'Edith' from project 'Edith')
    cd /Users/runner/work/edith/edith
    write-file /Users/runner/work/edith/edith/build/Build/Intermediates.noindex/Edith.build/Release-iphoneos/Edith.build/Edith.DependencyMetadataFileList

WriteAuxiliaryFile /Users/runner/work/edith/edith/build/Build/Intermediates.noindex/Edith.build/Release-iphoneos/Edith.build/Edith-project-headers.hmap (in target 'Edith' from project 'Edith')
    cd /Users/runner/work/edith/edith
    write-file /Users/runner/work/edith/edith/build/Build/Intermediates.noindex/Edith.build/Release-iphoneos/Edith.build/Edith-project-headers.hmap

WriteAuxiliaryFile /Users/runner/work/edith/edith/build/Build/Intermediates.noindex/Edith.build/Release-iphoneos/Edith.build/Edith-own-target-headers.hmap (in target 'Edith' from project 'Edith')
    cd /Users/runner/work/edith/edith
    write-file /Users/runner/work/edith/edith/build/Build/Intermediates.noindex/Edith.build/Release-iphoneos/Edith.build/Edith-own-target-headers.hmap

WriteAuxiliaryFile /Users/runner/work/edith/edith/build/Build/Intermediates.noindex/Edith.build/Release-iphoneos/Edith.build/Edith-generated-files.hmap (in target 'Edith' from project 'Edith')
    cd /Users/runner/work/edith/edith
    write-file /Users/runner/work/edith/edith/build/Build/Intermediates.noindex/Edith.build/Release-iphoneos/Edith.build/Edith-generated-files.hmap

WriteAuxiliaryFile /Users/runner/work/edith/edith/build/Build/Intermediates.noindex/Edith.build/Release-iphoneos/Edith.build/Edith-all-target-headers.hmap (in target 'Edith' from project 'Edith')
    cd /Users/runner/work/edith/edith
    write-file /Users/runner/work/edith/edith/build/Build/Intermediates.noindex/Edith.build/Release-iphoneos/Edith.build/Edith-all-target-headers.hmap

WriteAuxiliaryFile /Users/runner/work/edith/edith/build/Build/Intermediates.noindex/Edith.build/Release-iphoneos/Edith.build/Edith-all-non-framework-target-headers.hmap (in target 'Edith' from project 'Edith')
    cd /Users/runner/work/edith/edith
    write-file /Users/runner/work/edith/edith/build/Build/Intermediates.noindex/Edith.build/Release-iphoneos/Edith.build/Edith-all-non-framework-target-headers.hmap

MkDir /Users/runner/work/edith/edith/build/Build/Products/Release-iphoneos/Edith.app/Frameworks (in target 'Edith' from project 'Edith')
    cd /Users/runner/work/edith/edith
    /bin/mkdir -p /Users/runner/work/edith/edith/build/Build/Products/Release-iphoneos/Edith.app/Frameworks

MkDir /Users/runner/work/edith/edith/build/Build/Products/Release-iphoneos/Edith.app (in target 'Edith' from project 'Edith')
    cd /Users/runner/work/edith/edith
    /bin/mkdir -p /Users/runner/work/edith/edith/build/Build/Products/Release-iphoneos/Edith.app

MkDir /Users/runner/work/edith/edith/build/Build/Intermediates.noindex/Edith.build/Release-iphoneos/Edith.build/assetcatalog_output/unthinned (in target 'Edith' from project 'Edith')
    cd /Users/runner/work/edith/edith
    /bin/mkdir -p /Users/runner/work/edith/edith/build/Build/Intermediates.noindex/Edith.build/Release-iphoneos/Edith.build/assetcatalog_output/unthinned

MkDir /Users/runner/work/edith/edith/build/Build/Intermediates.noindex/Edith.build/Release-iphoneos/Edith.build/assetcatalog_output/thinned (in target 'Edith' from project 'Edith')
    cd /Users/runner/work/edith/edith
    /bin/mkdir -p /Users/runner/work/edith/edith/build/Build/Intermediates.noindex/Edith.build/Release-iphoneos/Edith.build/assetcatalog_output/thinned

GenerateAssetSymbols /Users/runner/work/edith/edith/Edith/Assets.xcassets (in target 'Edith' from project 'Edith')
    cd /Users/runner/work/edith/edith
    /Applications/Xcode_26.6.app/Contents/Developer/usr/bin/actool /Users/runner/work/edith/edith/Edith/Assets.xcassets --compile /Users/runner/work/edith/edith/build/Build/Products/Release-iphoneos/Edith.app --output-format human-readable-text --notices --warnings --export-dependency-info /Users/runner/work/edith/edith/build/Build/Intermediates.noindex/Edith.build/Release-iphoneos/Edith.build/assetcatalog_dependencies --output-partial-info-plist /Users/runner/work/edith/edith/build/Build/Intermediates.noindex/Edith.build/Release-iphoneos/Edith.build/assetcatalog_generated_info.plist --app-icon AppIcon --compress-pngs --enable-on-demand-resources YES --development-region tr --target-device iphone --minimum-deployment-target 17.2 --platform iphoneos --bundle-identifier com.hasan.edith --generate-swift-asset-symbol-extensions NO --generate-swift-asset-symbols /Users/runner/work/edith/edith/build/Build/Intermediates.noindex/Edith.build/Release-iphoneos/Edith.build/DerivedSources/GeneratedAssetSymbols.swift --generate-objc-asset-symbols /Users/runner/work/edith/edith/build/Build/Intermediates.noindex/Edith.build/Release-iphoneos/Edith.build/DerivedSources/GeneratedAssetSymbols.h --generate-asset-symbol-index /Users/runner/work/edith/edith/build/Build/Intermediates.noindex/Edith.build/Release-iphoneos/Edith.build/DerivedSources/GeneratedAssetSymbols-Index.plist
/* com.apple.actool.compilation-results */
/Users/runner/work/edith/edith/build/Build/Intermediates.noindex/Edith.build/Release-iphoneos/Edith.build/DerivedSources/GeneratedAssetSymbols-Index.plist
/Users/runner/work/edith/edith/build/Build/Intermediates.noindex/Edith.build/Release-iphoneos/Edith.build/DerivedSources/GeneratedAssetSymbols.h
/Users/runner/work/edith/edith/build/Build/Intermediates.noindex/Edith.build/Release-iphoneos/Edith.build/DerivedSources/GeneratedAssetSymbols.swift


Copy /Users/runner/work/edith/edith/build/Build/Products/Release-iphoneos/Edith.app/Frameworks/MWDATCore.framework /Users/runner/work/edith/edith/build/SourcePackages/checkouts/meta-wearables-dat-ios/MWDATCore.xcframework/ios-arm64/MWDATCore.framework (in target 'Edith' from project 'Edith')
    cd /Users/runner/work/edith/edith
    builtin-copy -exclude .DS_Store -exclude CVS -exclude .svn -exclude .git -exclude .hg -exclude Headers -exclude PrivateHeaders -exclude Modules -exclude \*.tbd -bitcode-strip all -bitcode-strip-tool /Applications/Xcode_26.6.app/Contents/Developer/Toolchains/XcodeDefault.xctoolchain/usr/bin/bitcode_strip -resolve-src-symlinks -remove-static-executable /Users/runner/work/edith/edith/build/SourcePackages/checkouts/meta-wearables-dat-ios/MWDATCore.xcframework/ios-arm64/MWDATCore.framework /Users/runner/work/edith/edith/build/Build/Products/Release-iphoneos/Edith.app/Frameworks
/Applications/Xcode_26.6.app/Contents/Developer/Toolchains/XcodeDefault.xctoolchain/usr/bin/bitcode_strip /Users/runner/work/edith/edith/build/SourcePackages/checkouts/meta-wearables-dat-ios/MWDATCore.xcframework/ios-arm64/MWDATCore.framework/MWDATCore -r -o /Users/runner/work/edith/edith/build/Build/Products/Release-iphoneos/Edith.app/Frameworks/MWDATCore.framework/MWDATCore

Copy /Users/runner/work/edith/edith/build/Build/Products/Release-iphoneos/Edith.app/Frameworks/MWDATCamera.framework /Users/runner/work/edith/edith/build/SourcePackages/checkouts/meta-wearables-dat-ios/MWDATCamera.xcframework/ios-arm64/MWDATCamera.framework (in target 'Edith' from project 'Edith')
    cd /Users/runner/work/edith/edith
    builtin-copy -exclude .DS_Store -exclude CVS -exclude .svn -exclude .git -exclude .hg -exclude Headers -exclude PrivateHeaders -exclude Modules -exclude \*.tbd -bitcode-strip all -bitcode-strip-tool /Applications/Xcode_26.6.app/Contents/Developer/Toolchains/XcodeDefault.xctoolchain/usr/bin/bitcode_strip -resolve-src-symlinks -remove-static-executable /Users/runner/work/edith/edith/build/SourcePackages/checkouts/meta-wearables-dat-ios/MWDATCamera.xcframework/ios-arm64/MWDATCamera.framework /Users/runner/work/edith/edith/build/Build/Products/Release-iphoneos/Edith.app/Frameworks
/Applications/Xcode_26.6.app/Contents/Developer/Toolchains/XcodeDefault.xctoolchain/usr/bin/bitcode_strip /Users/runner/work/edith/edith/build/SourcePackages/checkouts/meta-wearables-dat-ios/MWDATCamera.xcframework/ios-arm64/MWDATCamera.framework/MWDATCamera -r -o /Users/runner/work/edith/edith/build/Build/Products/Release-iphoneos/Edith.app/Frameworks/MWDATCamera.framework/MWDATCamera

CompileAssetCatalogVariant thinned /Users/runner/work/edith/edith/build/Build/Products/Release-iphoneos/Edith.app /Users/runner/work/edith/edith/Edith/Assets.xcassets (in target 'Edith' from project 'Edith')
    cd /Users/runner/work/edith/edith
    /Applications/Xcode_26.6.app/Contents/Developer/usr/bin/actool /Users/runner/work/edith/edith/Edith/Assets.xcassets --compile /Users/runner/work/edith/edith/build/Build/Intermediates.noindex/Edith.build/Release-iphoneos/Edith.build/assetcatalog_output/thinned --output-format human-readable-text --notices --warnings --export-dependency-info /Users/runner/work/edith/edith/build/Build/Intermediates.noindex/Edith.build/Release-iphoneos/Edith.build/assetcatalog_dependencies_thinned --output-partial-info-plist /Users/runner/work/edith/edith/build/Build/Intermediates.noindex/Edith.build/Release-iphoneos/Edith.build/assetcatalog_generated_info.plist_thinned --app-icon AppIcon --compress-pngs --enable-on-demand-resources YES --development-region tr --target-device iphone --minimum-deployment-target 17.2 --platform iphoneos
/* com.apple.actool.compilation-results */
/Users/runner/work/edith/edith/build/Build/Intermediates.noindex/Edith.build/Release-iphoneos/Edith.build/assetcatalog_generated_info.plist_thinned
/Users/runner/work/edith/edith/build/Build/Intermediates.noindex/Edith.build/Release-iphoneos/Edith.build/assetcatalog_output/thinned/AppIcon60x60@2x.png
/Users/runner/work/edith/edith/build/Build/Intermediates.noindex/Edith.build/Release-iphoneos/Edith.build/assetcatalog_output/thinned/AppIcon76x76@2x~ipad.png
/Users/runner/work/edith/edith/build/Build/Intermediates.noindex/Edith.build/Release-iphoneos/Edith.build/assetcatalog_output/thinned/Assets.car


SwiftDriver Edith normal arm64 com.apple.xcode.tools.swift.compiler (in target 'Edith' from project 'Edith')
    cd /Users/runner/work/edith/edith
    builtin-SwiftDriver -- /Applications/Xcode_26.6.app/Contents/Developer/Toolchains/XcodeDefault.xctoolchain/usr/bin/swiftc -module-name Edith -O -whole-module-optimization @/Users/runner/work/edith/edith/build/Build/Intermediates.noindex/Edith.build/Release-iphoneos/Edith.build/Objects-normal/arm64/Edith.SwiftFileList -enable-bare-slash-regex -enable-experimental-feature DebugDescriptionMacro -sdk /Applications/Xcode_26.6.app/Contents/Developer/Platforms/iPhoneOS.platform/Developer/SDKs/iPhoneOS26.5.sdk -target arm64-apple-ios17.2 -g -module-cache-path /Users/runner/work/edith/edith/build/ModuleCache.noindex -Xfrontend -serialize-debugging-options -swift-version 5 -I /Users/runner/work/edith/edith/build/Build/Products/Release-iphoneos -F /Users/runner/work/edith/edith/build/Build/Products/Release-iphoneos -c -num-threads 3 -Xcc -ivfsstatcache -Xcc /Users/runner/work/edith/edith/build/SDKStatCaches.noindex/iphoneos26.5-23F81a-688ef53f1462e2c8f657fdc38a81448fee66e23052a0157c865c76b268046726.sdkstatcache -output-file-map /Users/runner/work/edith/edith/build/Build/Intermediates.noindex/Edith.build/Release-iphoneos/Edith.build/Objects-normal/arm64/Edith-OutputFileMap.json -use-frontend-parseable-output -save-temps -no-color-diagnostics -explicit-module-build -module-cache-path /Users/runner/work/edith/edith/build/Build/Intermediates.noindex/SwiftExplicitPrecompiledModules -clang-scanner-module-cache-path /Users/runner/work/edith/edith/build/ModuleCache.noindex -sdk-module-cache-path /Users/runner/work/edith/edith/build/ModuleCache.noindex -serialize-diagnostics -emit-dependencies -emit-module -emit-module-path /Users/runner/work/edith/edith/build/Build/Intermediates.noindex/Edith.build/Release-iphoneos/Edith.build/Objects-normal/arm64/Edith.swiftmodule -validate-clang-modules-once -clang-build-session-file /Users/runner/work/edith/edith/build/ModuleCache.noindex/Session.modulevalidation -Xcc -I/Users/runner/work/edith/edith/build/Build/Intermediates.noindex/Edith.build/Release-iphoneos/Edith.build/swift-overrides.hmap -emit-const-values -Xfrontend -const-gather-protocols-file -Xfrontend /Users/runner/work/edith/edith/build/Build/Intermediates.noindex/Edith.build/Release-iphoneos/Edith.build/Objects-normal/arm64/Edith_const_extract_protocols.json -Xcc -iquote -Xcc /Users/runner/work/edith/edith/build/Build/Intermediates.noindex/Edith.build/Release-iphoneos/Edith.build/Edith-generated-files.hmap -Xcc -I/Users/runner/work/edith/edith/build/Build/Intermediates.noindex/Edith.build/Release-iphoneos/Edith.build/Edith-own-target-headers.hmap -Xcc -I/Users/runner/work/edith/edith/build/Build/Intermediates.noindex/Edith.build/Release-iphoneos/Edith.build/Edith-all-target-headers.hmap -Xcc -iquote -Xcc /Users/runner/work/edith/edith/build/Build/Intermediates.noindex/Edith.build/Release-iphoneos/Edith.build/Edith-project-headers.hmap -Xcc -I/Users/runner/work/edith/edith/build/Build/Products/Release-iphoneos/include -Xcc -I/Users/runner/work/edith/edith/build/Build/Intermediates.noindex/Edith.build/Release-iphoneos/Edith.build/DerivedSources-normal/arm64 -Xcc -I/Users/runner/work/edith/edith/build/Build/Intermediates.noindex/Edith.build/Release-iphoneos/Edith.build/DerivedSources/arm64 -Xcc -I/Users/runner/work/edith/edith/build/Build/Intermediates.noindex/Edith.build/Release-iphoneos/Edith.build/DerivedSources -emit-objc-header -emit-objc-header-path /Users/runner/work/edith/edith/build/Build/Intermediates.noindex/Edith.build/Release-iphoneos/Edith.build/Objects-normal/arm64/Edith-Swift.h -working-directory /Users/runner/work/edith/edith -no-emit-module-separately-wmo

SwiftDriver\ Compilation Edith normal arm64 com.apple.xcode.tools.swift.compiler (in target 'Edith' from project 'Edith')
    cd /Users/runner/work/edith/edith
    builtin-Swift-Compilation -- /Applications/Xcode_26.6.app/Contents/Developer/Toolchains/XcodeDefault.xctoolchain/usr/bin/swiftc -module-name Edith -O -whole-module-optimization @/Users/runner/work/edith/edith/build/Build/Intermediates.noindex/Edith.build/Release-iphoneos/Edith.build/Objects-normal/arm64/Edith.SwiftFileList -enable-bare-slash-regex -enable-experimental-feature DebugDescriptionMacro -sdk /Applications/Xcode_26.6.app/Contents/Developer/Platforms/iPhoneOS.platform/Developer/SDKs/iPhoneOS26.5.sdk -target arm64-apple-ios17.2 -g -module-cache-path /Users/runner/work/edith/edith/build/ModuleCache.noindex -Xfrontend -serialize-debugging-options -swift-version 5 -I /Users/runner/work/edith/edith/build/Build/Products/Release-iphoneos -F /Users/runner/work/edith/edith/build/Build/Products/Release-iphoneos -c -num-threads 3 -Xcc -ivfsstatcache -Xcc /Users/runner/work/edith/edith/build/SDKStatCaches.noindex/iphoneos26.5-23F81a-688ef53f1462e2c8f657fdc38a81448fee66e23052a0157c865c76b268046726.sdkstatcache -output-file-map /Users/runner/work/edith/edith/build/Build/Intermediates.noindex/Edith.build/Release-iphoneos/Edith.build/Objects-normal/arm64/Edith-OutputFileMap.json -use-frontend-parseable-output -save-temps -no-color-diagnostics -explicit-module-build -module-cache-path /Users/runner/work/edith/edith/build/Build/Intermediates.noindex/SwiftExplicitPrecompiledModules -clang-scanner-module-cache-path /Users/runner/work/edith/edith/build/ModuleCache.noindex -sdk-module-cache-path /Users/runner/work/edith/edith/build/ModuleCache.noindex -serialize-diagnostics -emit-dependencies -emit-module -emit-module-path /Users/runner/work/edith/edith/build/Build/Intermediates.noindex/Edith.build/Release-iphoneos/Edith.build/Objects-normal/arm64/Edith.swiftmodule -validate-clang-modules-once -clang-build-session-file /Users/runner/work/edith/edith/build/ModuleCache.noindex/Session.modulevalidation -Xcc -I/Users/runner/work/edith/edith/build/Build/Intermediates.noindex/Edith.build/Release-iphoneos/Edith.build/swift-overrides.hmap -emit-const-values -Xfrontend -const-gather-protocols-file -Xfrontend /Users/runner/work/edith/edith/build/Build/Intermediates.noindex/Edith.build/Release-iphoneos/Edith.build/Objects-normal/arm64/Edith_const_extract_protocols.json -Xcc -iquote -Xcc /Users/runner/work/edith/edith/build/Build/Intermediates.noindex/Edith.build/Release-iphoneos/Edith.build/Edith-generated-files.hmap -Xcc -I/Users/runner/work/edith/edith/build/Build/Intermediates.noindex/Edith.build/Release-iphoneos/Edith.build/Edith-own-target-headers.hmap -Xcc -I/Users/runner/work/edith/edith/build/Build/Intermediates.noindex/Edith.build/Release-iphoneos/Edith.build/Edith-all-target-headers.hmap -Xcc -iquote -Xcc /Users/runner/work/edith/edith/build/Build/Intermediates.noindex/Edith.build/Release-iphoneos/Edith.build/Edith-project-headers.hmap -Xcc -I/Users/runner/work/edith/edith/build/Build/Products/Release-iphoneos/include -Xcc -I/Users/runner/work/edith/edith/build/Build/Intermediates.noindex/Edith.build/Release-iphoneos/Edith.build/DerivedSources-normal/arm64 -Xcc -I/Users/runner/work/edith/edith/build/Build/Intermediates.noindex/Edith.build/Release-iphoneos/Edith.build/DerivedSources/arm64 -Xcc -I/Users/runner/work/edith/edith/build/Build/Intermediates.noindex/Edith.build/Release-iphoneos/Edith.build/DerivedSources -emit-objc-header -emit-objc-header-path /Users/runner/work/edith/edith/build/Build/Intermediates.noindex/Edith.build/Release-iphoneos/Edith.build/Objects-normal/arm64/Edith-Swift.h -working-directory /Users/runner/work/edith/edith -no-emit-module-separately-wmo

SwiftExplicitDependencyGeneratePcm arm64 /Users/runner/work/edith/edith/build/ModuleCache.noindex/_Builtin_stddef-50K41BLFSRVYASPFSVI9XOEA9.pcm

SwiftExplicitDependencyGeneratePcm arm64 /Users/runner/work/edith/edith/build/ModuleCache.noindex/SwiftShims-BJ8G22WF25YT5JA8193V2SNUT.pcm

SwiftExplicitDependencyGeneratePcm arm64 /Users/runner/work/edith/edith/build/ModuleCache.noindex/DeveloperToolsSupport-8PGVQCCGSVW1DFQYGSVV81N03.pcm

SwiftExplicitDependencyGeneratePcm arm64 /Users/runner/work/edith/edith/build/ModuleCache.noindex/_Builtin_stdarg-73C4XOQUB5ZXBUBH6ST3H9DSK.pcm

SwiftExplicitDependencyGeneratePcm arm64 /Users/runner/work/edith/edith/build/ModuleCache.noindex/ptrcheck-3C165AL79WWX9BPA0QEIIL46L.pcm

SwiftExplicitDependencyGeneratePcm arm64 /Users/runner/work/edith/edith/build/ModuleCache.noindex/_Builtin_float-8O1WLJW1MY6A0FC70GXOMTNGF.pcm

SwiftExplicitDependencyGeneratePcm arm64 /Users/runner/work/edith/edith/build/ModuleCache.noindex/_Builtin_stdbool-C8D17703KYQWJ2DJX2U6GJV5G.pcm

SwiftExplicitDependencyGeneratePcm arm64 /Users/runner/work/edith/edith/build/ModuleCache.noindex/_SwiftConcurrencyShims-APXM1PMA56TFCDEDSM5Q886V3.pcm

SwiftExplicitDependencyGeneratePcm arm64 /Users/runner/work/edith/edith/build/ModuleCache.noindex/_AvailabilityInternal-6CMVMVOZIGFXZ5N6EOY5PLJU2.pcm

SwiftExplicitDependencyGeneratePcm arm64 /Users/runner/work/edith/edith/build/ModuleCache.noindex/ptrauth-5SMG6NAP9S4C05ZV13KU7KZ3O.pcm

SwiftExplicitDependencyGeneratePcm arm64 /Users/runner/work/edith/edith/build/ModuleCache.noindex/_DarwinFoundation1-BGX5CPLI1Y7WSJ1WFXBVWQHL9.pcm

SwiftExplicitDependencyGeneratePcm arm64 /Users/runner/work/edith/edith/build/ModuleCache.noindex/_DarwinFoundation2-3A5B45DYYYX9OAMLIGLDKCU0E.pcm

SwiftExplicitDependencyGeneratePcm arm64 /Users/runner/work/edith/edith/build/ModuleCache.noindex/ExtensionFoundation-BR7NCYPP7JMH7OCCENY63RI7G.pcm

SwiftExplicitDependencyGeneratePcm arm64 /Users/runner/work/edith/edith/build/ModuleCache.noindex/_Builtin_limits-33P3KQHLUI11DP0YN18W6MIRI.pcm

SwiftExplicitDependencyGeneratePcm arm64 /Users/runner/work/edith/edith/build/ModuleCache.noindex/sys_types-37ZYSYIGFNU8HDOADFO02OREL.pcm

SwiftExplicitDependencyGeneratePcm arm64 /Users/runner/work/edith/edith/build/ModuleCache.noindex/_Builtin_stdint-5L58Q4JH7979WGYE8L9MXK8C.pcm

SwiftExplicitDependencyGeneratePcm arm64 /Users/runner/work/edith/edith/build/ModuleCache.noindex/_Builtin_tgmath-CAV6O12N0WBZAWY29IDCAY3D.pcm

SwiftExplicitDependencyGeneratePcm arm64 /Users/runner/work/edith/edith/build/ModuleCache.noindex/_Builtin_stdatomic-DHVSBUDFG3710YTW4PY41S9OJ.pcm

SwiftExplicitDependencyGeneratePcm arm64 /Users/runner/work/edith/edith/build/ModuleCache.noindex/_DarwinFoundation3-BB6J1N0M3JEBF4KQT4V27G137.pcm

SwiftExplicitDependencyGeneratePcm arm64 /Users/runner/work/edith/edith/build/ModuleCache.noindex/_Builtin_intrinsics-1MV43CU5Z5BNC878P7874FZPM.pcm

SwiftExplicitDependencyGeneratePcm arm64 /Users/runner/work/edith/edith/build/ModuleCache.noindex/_Builtin_inttypes-EUR9K1Y1W43L86AOJXDG4H63J.pcm

SwiftExplicitDependencyGeneratePcm arm64 /Users/runner/work/edith/edith/build/ModuleCache.noindex/Darwin-4G2S8VCVG2RTZZAVVFHWP2SCE.pcm

SwiftExplicitDependencyGeneratePcm arm64 /Users/runner/work/edith/edith/build/ModuleCache.noindex/simd-PDD6XUQ0DXELOQ2N2QEE5MW9.pcm

SwiftExplicitDependencyGeneratePcm arm64 /Users/runner/work/edith/edith/build/ModuleCache.noindex/ObjectiveC-7HJJQ3GXTKFQEPKZI5UTNSKV8.pcm

SwiftExplicitDependencyGeneratePcm arm64 /Users/runner/work/edith/edith/build/ModuleCache.noindex/MachO-1GKR9JCTNHW48NPETBKARP2HO.pcm

SwiftExplicitDependencyGeneratePcm arm64 /Users/runner/work/edith/edith/build/ModuleCache.noindex/os_object-85UU78UCG8MNT2TWYB55VXQ9F.pcm

SwiftExplicitDependencyGeneratePcm arm64 /Users/runner/work/edith/edith/build/ModuleCache.noindex/Spatial-7BD7NL45UKT7HQ2Q39VV5LTLR.pcm

SwiftExplicitDependencyGeneratePcm arm64 /Users/runner/work/edith/edith/build/ModuleCache.noindex/os_workgroup-8025F5PQ3V3R4KUXKI5EE53O6.pcm

SwiftExplicitDependencyGeneratePcm arm64 /Users/runner/work/edith/edith/build/ModuleCache.noindex/Dispatch-2PDT0XJWKCILCR3T1AF54HF0R.pcm

SwiftExplicitDependencyGeneratePcm arm64 /Users/runner/work/edith/edith/build/ModuleCache.noindex/dnssd-1AQLIVK0OG46TCPJKFLWK5ZGE.pcm

SwiftExplicitDependencyGeneratePcm arm64 /Users/runner/work/edith/edith/build/ModuleCache.noindex/XPC-CU6G0YT58A133ZO31Z7MVCL1H.pcm

SwiftExplicitDependencyGeneratePcm arm64 /Users/runner/work/edith/edith/build/ModuleCache.noindex/CoreFoundation-33ZIT7ZE3AGXY6I5O3UXW7SLI.pcm

SwiftExplicitDependencyGeneratePcm arm64 /Users/runner/work/edith/edith/build/ModuleCache.noindex/os-6HY6YYQUH19B2ZT2ZG21Z3DKS.pcm

SwiftExplicitDependencyGeneratePcm arm64 /Users/runner/work/edith/edith/build/ModuleCache.noindex/CoreGraphics-DUTVKZFLXBT82TC0UQFE77EFB.pcm

SwiftExplicitDependencyGeneratePcm arm64 /Users/runner/work/edith/edith/build/ModuleCache.noindex/CFNetwork-1DICKXT6WWZ8B39U5O1KGZ2S6.pcm

SwiftExplicitDependencyGeneratePcm arm64 /Users/runner/work/edith/edith/build/ModuleCache.noindex/AddressBook-32OIK8MP53CLR1SH4EV7KT2IA.pcm

SwiftExplicitDependencyGeneratePcm arm64 /Users/runner/work/edith/edith/build/ModuleCache.noindex/Security-6SN62TZAXPGWO3TYUGG85EDPS.pcm

SwiftExplicitDependencyGeneratePcm arm64 /Users/runner/work/edith/edith/build/ModuleCache.noindex/ImageIO-1C50ARE6U6SH4CAHWYZ42GVIA.pcm

SwiftExplicitDependencyGeneratePcm arm64 /Users/runner/work/edith/edith/build/ModuleCache.noindex/CoreAudioTypes-4E5XAS9WJ260U05AB5IS122GY.pcm

SwiftExplicitDependencyGeneratePcm arm64 /Users/runner/work/edith/edith/build/ModuleCache.noindex/Foundation-8UHY7Q9UF07ATUMWMFO4F8NN7.pcm

SwiftExplicitDependencyGeneratePcm arm64 /Users/runner/work/edith/edith/build/ModuleCache.noindex/CoreText-51PM2KUVNYS7IVX88FYOCYVFY.pcm

SwiftExplicitDependencyGeneratePcm arm64 /Users/runner/work/edith/edith/build/ModuleCache.noindex/CoreAudio-8CTIDRYG5U30UY4H4ZYNZ8P8W.pcm

SwiftExplicitDependencyGeneratePcm arm64 /Users/runner/work/edith/edith/build/ModuleCache.noindex/FileProvider-C1X6MY30IUP82542BIMMGPOHL.pcm

SwiftExplicitDependencyGeneratePcm arm64 /Users/runner/work/edith/edith/build/ModuleCache.noindex/AppIntents-4YIDC5WHPZTNJXPQC6WCL7T3W.pcm

SwiftExplicitDependencyGeneratePcm arm64 /Users/runner/work/edith/edith/build/ModuleCache.noindex/UIUtilities-7OW5O1GIGA6IKA42FG4NMP7BH.pcm

SwiftExplicitDependencyGeneratePcm arm64 /Users/runner/work/edith/edith/build/ModuleCache.noindex/UniformTypeIdentifiers-34L9D9386TZKQ8V2K8QTVUGCY.pcm

SwiftExplicitDependencyGeneratePcm arm64 /Users/runner/work/edith/edith/build/ModuleCache.noindex/CoreTransferable-2DTGYKR1YAJXYALQATA2709Q5.pcm

SwiftExplicitDependencyGeneratePcm arm64 /Users/runner/work/edith/edith/build/ModuleCache.noindex/CoreData-5C9LEI3GBXQTFPB3OYCYM1Q8E.pcm

SwiftExplicitDependencyGeneratePcm arm64 /Users/runner/work/edith/edith/build/ModuleCache.noindex/DataDetection-5J5DFX7MSMUWT93VQU4QJ2TY0.pcm

SwiftExplicitDependencyGeneratePcm arm64 /Users/runner/work/edith/edith/build/ModuleCache.noindex/Symbols-3A3DXB5Q6EV0XZLT87PQI02LZ.pcm

SwiftExplicitDependencyGeneratePcm arm64 /Users/runner/work/edith/edith/build/ModuleCache.noindex/Network-9EAYT7PB2FSC9C0JN0XLA4WY6.pcm

SwiftExplicitDependencyGeneratePcm arm64 /Users/runner/work/edith/edith/build/ModuleCache.noindex/LocalAuthentication-F4ZQ3I0HDMNWCZ5A7UFFG44GH.pcm

SwiftExplicitDependencyGeneratePcm arm64 /Users/runner/work/edith/edith/build/ModuleCache.noindex/CoreMIDI-CGQR7DYZBBAYXS0AEC9E20I8T.pcm

SwiftExplicitDependencyGeneratePcm arm64 /Users/runner/work/edith/edith/build/ModuleCache.noindex/OSLog-4ZA9CZ6BR3AS7FZEXUMOQL21E.pcm

SwiftExplicitDependencyGeneratePcm arm64 /Users/runner/work/edith/edith/build/ModuleCache.noindex/AVRouting-3HX2DVQAGM0E7FN5SC7YLJAH.pcm

SwiftExplicitDependencyGeneratePcm arm64 /Users/runner/work/edith/edith/build/ModuleCache.noindex/RelevanceKit-ETMFYGJN53TJVE9VM7YWRSYR6.pcm

SwiftExplicitDependencyGeneratePcm arm64 /Users/runner/work/edith/edith/build/ModuleCache.noindex/_LocationEssentials-12SG06AXN1MH2RWVW4YGLVVMF.pcm

SwiftExplicitDependencyGeneratePcm arm64 /Users/runner/work/edith/edith/build/ModuleCache.noindex/AudioToolbox-7M12HZ97HCSBASR2GKUHC61QA.pcm

SwiftExplicitDependencyGeneratePcm arm64 /Users/runner/work/edith/edith/build/ModuleCache.noindex/UserNotifications-AQH1A6LUPCQWJ5KWYADV2NFLC.pcm

SwiftExplicitDependencyGeneratePcm arm64 /Users/runner/work/edith/edith/build/ModuleCache.noindex/CoreLocation-A94W8GSSJHPQZ4RS8754OLL2.pcm

SwiftExplicitDependencyGeneratePcm arm64 /Users/runner/work/edith/edith/build/ModuleCache.noindex/CoreSpotlight-1SQA0OTL9O6N6BELIHEMC6P8H.pcm

SwiftExplicitDependencyGeneratePcm arm64 /Users/runner/work/edith/edith/build/ModuleCache.noindex/CoreBluetooth-31GY4UDFKHK8BPQJU86TN0TOM.pcm

SwiftExplicitDependencyGeneratePcm arm64 /Users/runner/work/edith/edith/build/ModuleCache.noindex/EventKit-BGJOWS2YOBGY0OVW1ZH10NBNE.pcm

SwiftExplicitDependencyGeneratePcm arm64 /Users/runner/work/edith/edith/build/ModuleCache.noindex/IOSurface-DG2YJNIAS0A0DW3S5S11Q89ZW.pcm

SwiftExplicitDependencyGeneratePcm arm64 /Users/runner/work/edith/edith/build/ModuleCache.noindex/Accessibility-XV84SI6J20JIJ32M3FBP3EA9.pcm

SwiftExplicitDependencyGeneratePcm arm64 /Users/runner/work/edith/edith/build/ModuleCache.noindex/Metal-2UVOQHMU9VFRVX3RLIPBW40LB.pcm

SwiftExplicitDependencyGeneratePcm arm64 /Users/runner/work/edith/edith/build/ModuleCache.noindex/OpenGLES-4KR7OZDKNAN9A8PIIIEXTXQN9.pcm

LinkAssetCatalog /Users/runner/work/edith/edith/Edith/Assets.xcassets (in target 'Edith' from project 'Edith')
    cd /Users/runner/work/edith/edith
    builtin-linkAssetCatalog --thinned /Users/runner/work/edith/edith/build/Build/Intermediates.noindex/Edith.build/Release-iphoneos/Edith.build/assetcatalog_output/thinned --thinned-dependencies /Users/runner/work/edith/edith/build/Build/Intermediates.noindex/Edith.build/Release-iphoneos/Edith.build/assetcatalog_dependencies_thinned --thinned-info-plist-content /Users/runner/work/edith/edith/build/Build/Intermediates.noindex/Edith.build/Release-iphoneos/Edith.build/assetcatalog_generated_info.plist_thinned --unthinned /Users/runner/work/edith/edith/build/Build/Intermediates.noindex/Edith.build/Release-iphoneos/Edith.build/assetcatalog_output/unthinned --unthinned-dependencies /Users/runner/work/edith/edith/build/Build/Intermediates.noindex/Edith.build/Release-iphoneos/Edith.build/assetcatalog_dependencies_unthinned --unthinned-info-plist-content /Users/runner/work/edith/edith/build/Build/Intermediates.noindex/Edith.build/Release-iphoneos/Edith.build/assetcatalog_generated_info.plist_unthinned --output /Users/runner/work/edith/edith/build/Build/Products/Release-iphoneos/Edith.app --plist-output /Users/runner/work/edith/edith/build/Build/Intermediates.noindex/Edith.build/Release-iphoneos/Edith.build/assetcatalog_generated_info.plist
note: Emplaced /Users/runner/work/edith/edith/build/Build/Products/Release-iphoneos/Edith.app/AppIcon60x60@2x.png (in target 'Edith' from project 'Edith')
note: Emplaced /Users/runner/work/edith/edith/build/Build/Products/Release-iphoneos/Edith.app/AppIcon76x76@2x~ipad.png (in target 'Edith' from project 'Edith')
note: Emplaced /Users/runner/work/edith/edith/build/Build/Products/Release-iphoneos/Edith.app/Assets.car (in target 'Edith' from project 'Edith')

ProcessInfoPlistFile /Users/runner/work/edith/edith/build/Build/Products/Release-iphoneos/Edith.app/Info.plist /Users/runner/work/edith/edith/Edith/Info.plist (in target 'Edith' from project 'Edith')
    cd /Users/runner/work/edith/edith
    builtin-infoPlistUtility /Users/runner/work/edith/edith/Edith/Info.plist -producttype com.apple.product-type.application -genpkginfo /Users/runner/work/edith/edith/build/Build/Products/Release-iphoneos/Edith.app/PkgInfo -expandbuildsettings -format binary -platform iphoneos -additionalcontentfile /Users/runner/work/edith/edith/build/Build/Intermediates.noindex/Edith.build/Release-iphoneos/Edith.build/assetcatalog_generated_info.plist -scanforprivacyfile /Users/runner/work/edith/edith/build/Build/Products/Release-iphoneos/Edith.app/Frameworks/MWDATCamera.framework -scanforprivacyfile /Users/runner/work/edith/edith/build/Build/Products/Release-iphoneos/Edith.app/Frameworks/MWDATCore.framework -requiredArchitecture arm64 -o /Users/runner/work/edith/edith/build/Build/Products/Release-iphoneos/Edith.app/Info.plist

SwiftExplicitDependencyGeneratePcm arm64 /Users/runner/work/edith/edith/build/ModuleCache.noindex/CoreVideo-2WJDFMVEELST0UE103AGX4HKF.pcm

SwiftExplicitDependencyGeneratePcm arm64 /Users/runner/work/edith/edith/build/ModuleCache.noindex/QuartzCore-A2EC2P93HVVCHXVO9CSZ3MHWW.pcm

SwiftExplicitDependencyGeneratePcm arm64 /Users/runner/work/edith/edith/build/ModuleCache.noindex/CoreMedia-5CN6PZKRQ1GVISRH1WHJQVLRL.pcm

SwiftExplicitDependencyGeneratePcm arm64 /Users/runner/work/edith/edith/build/ModuleCache.noindex/CoreImage-4XNYFUYJYFOJODSGLK6GRZAI9.pcm

SwiftExplicitDependencyGeneratePcm arm64 /Users/runner/work/edith/edith/build/ModuleCache.noindex/SwiftUICore-C7KMYG9EPCTV49LQY1HLX0QPC.pcm

SwiftExplicitDependencyGeneratePcm arm64 /Users/runner/work/edith/edith/build/ModuleCache.noindex/UIKit-A5XYCYP4PHRYUS7LMB792RQSX.pcm

SwiftExplicitDependencyGeneratePcm arm64 /Users/runner/work/edith/edith/build/ModuleCache.noindex/MediaToolbox-9V4PDSC2QXUY0TJWXYXMEYK3U.pcm

SwiftExplicitDependencyGeneratePcm arm64 /Users/runner/work/edith/edith/build/ModuleCache.noindex/AVFAudio-3UTN3R6XR0QA80PGW5Z0KPF6P.pcm

SwiftExplicitDependencyGeneratePcm arm64 /Users/runner/work/edith/edith/build/ModuleCache.noindex/VideoToolbox-AV752O10NRERJSLMASGFI83NY.pcm

SwiftExplicitDependencyGeneratePcm arm64 /Users/runner/work/edith/edith/build/ModuleCache.noindex/AVFoundation-7NK2WMPARI0V4VBZU5GNOP7MM.pcm

SwiftExplicitDependencyGeneratePcm arm64 /Users/runner/work/edith/edith/build/ModuleCache.noindex/Speech-14TL0TTWDTULZ0U6C9A0DUZMZ.pcm

SwiftExplicitDependencyGeneratePcm arm64 /Users/runner/work/edith/edith/build/ModuleCache.noindex/SwiftUI-189602D9WB7IGZY3K9SRTM9EE.pcm

SwiftExplicitDependencyCompileModuleFromInterface arm64 /Users/runner/work/edith/edith/build/Build/Intermediates.noindex/SwiftExplicitPrecompiledModules/MWDATCore-3TNV9OWBETHCD.swiftmodule

SwiftExplicitDependencyGeneratePcm arm64 /Users/runner/work/edith/edith/build/ModuleCache.noindex/MapKit-84GFEKEBY0YXGUTBVVE6K6383.pcm

SwiftExplicitDependencyCompileModuleFromInterface arm64 /Users/runner/work/edith/edith/build/Build/Intermediates.noindex/SwiftExplicitPrecompiledModules/MWDATCamera-2WX22OXVI6T2Y.swiftmodule

SwiftCompile normal arm64 Compiling\ AudioSessionManager.swift,\ CalendarService.swift,\ Chime.swift,\ ClaudeClient.swift,\ ContentView.swift,\ Conversation.swift,\ EdithApp.swift,\ EdithController.swift,\ EdithIntents.swift,\ ElevenLabsClient.swift,\ GlassesManager.swift,\ Keychain.swift,\ LocationService.swift,\ Log.swift,\ LogView.swift,\ MemoryStore.swift,\ MemoryView.swift,\ PCMPlayer.swift,\ SceneMemory.swift,\ Settings.swift,\ SettingsView.swift,\ Speaker.swift,\ SpeechListener.swift,\ TimerService.swift,\ Tools.swift,\ UsageTracker.swift,\ VideoFrameDecoder.swift,\ GeneratedAssetSymbols.swift /Users/runner/work/edith/edith/Edith/Sources/Audio/AudioSessionManager.swift /Users/runner/work/edith/edith/Edith/Sources/Services/CalendarService.swift /Users/runner/work/edith/edith/Edith/Sources/Audio/Chime.swift /Users/runner/work/edith/edith/Edith/Sources/Brain/ClaudeClient.swift /Users/runner/work/edith/edith/Edith/Sources/UI/ContentView.swift /Users/runner/work/edith/edith/Edith/Sources/Brain/Conversation.swift /Users/runner/work/edith/edith/Edith/Sources/EdithApp.swift /Users/runner/work/edith/edith/Edith/Sources/Brain/EdithController.swift /Users/runner/work/edith/edith/Edith/Sources/Intents/EdithIntents.swift /Users/runner/work/edith/edith/Edith/Sources/Audio/ElevenLabsClient.swift /Users/runner/work/edith/edith/Edith/Sources/Glasses/GlassesManager.swift /Users/runner/work/edith/edith/Edith/Sources/Core/Keychain.swift /Users/runner/work/edith/edith/Edith/Sources/Services/LocationService.swift /Users/runner/work/edith/edith/Edith/Sources/Core/Log.swift /Users/runner/work/edith/edith/Edith/Sources/UI/LogView.swift /Users/runner/work/edith/edith/Edith/Sources/Core/MemoryStore.swift /Users/runner/work/edith/edith/Edith/Sources/UI/MemoryView.swift /Users/runner/work/edith/edith/Edith/Sources/Audio/PCMPlayer.swift /Users/runner/work/edith/edith/Edith/Sources/Brain/SceneMemory.swift /Users/runner/work/edith/edith/Edith/Sources/Core/Settings.swift /Users/runner/work/edith/edith/Edith/Sources/UI/SettingsView.swift /Users/runner/work/edith/edith/Edith/Sources/Audio/Speaker.swift /Users/runner/work/edith/edith/Edith/Sources/Audio/SpeechListener.swift /Users/runner/work/edith/edith/Edith/Sources/Services/TimerService.swift /Users/runner/work/edith/edith/Edith/Sources/Brain/Tools.swift /Users/runner/work/edith/edith/Edith/Sources/Core/UsageTracker.swift /Users/runner/work/edith/edith/Edith/Sources/Glasses/VideoFrameDecoder.swift /Users/runner/work/edith/edith/build/Build/Intermediates.noindex/Edith.build/Release-iphoneos/Edith.build/DerivedSources/GeneratedAssetSymbols.swift /Applications/Xcode_26.6.app/Contents/Developer/Toolchains/XcodeDefault.xctoolchain/usr/lib/swift/iphoneos/prebuilt-modules/26.5/CryptoKit.swiftmodule/arm64e-apple-ios.swiftmodule /Applications/Xcode_26.6.app/Contents/Developer/Toolchains/XcodeDefault.xctoolchain/usr/lib/swift/iphoneos/prebuilt-modules/26.5/CoreMIDI.swiftmodule/arm64e-apple-ios.swiftmodule /Applications/Xcode_26.6.app/Contents/Developer/Toolchains/XcodeDefault.xctoolchain/usr/lib/swift/iphoneos/prebuilt-modules/26.5/_DarwinFoundation2.swiftmodule/arm64e-apple-ios.swiftmodule /Applications/Xcode_26.6.app/Contents/Developer/Toolchains/XcodeDefault.xctoolchain/usr/lib/swift/iphoneos/prebuilt-modules/26.5/AudioToolbox.swiftmodule/arm64e-apple-ios.swiftmodule /Applications/Xcode_26.6.app/Contents/Developer/Toolchains/XcodeDefault.xctoolchain/usr/lib/swift/iphoneos/prebuilt-modules/26.5/GeoToolbox.swiftmodule/arm64e-apple-ios.swiftmodule /Applications/Xcode_26.6.app/Contents/Developer/Toolchains/XcodeDefault.xctoolchain/usr/lib/swift/iphoneos/prebuilt-modules/26.5/Foundation.swiftmodule/arm64e-apple-ios.swiftmodule /Applications/Xcode_26.6.app/Contents/Developer/Toolchains/XcodeDefault.xctoolchain/usr/lib/swift/iphoneos/prebuilt-modules/26.5/FileProvider.swiftmodule/arm64e-apple-ios.swiftmodule /Applications/Xcode_26.6.app/Contents/Developer/Toolchains/XcodeDefault.xctoolchain/usr/lib/swift/iphoneos/prebuilt-modules/26.5/AppIntents.swiftmodule/arm64e-apple-ios.swiftmodule /Applications/Xcode_26.6.app/Contents/Developer/Toolchains/XcodeDefault.xctoolchain/usr/lib/swift/iphoneos/prebuilt-modules/26.5/Synchronization.swiftmodule/arm64e-apple-ios.swiftmodule /Applications/Xcode_26.6.app/Contents/Developer/Toolchains/XcodeDefault.xctoolchain/usr/lib/swift/iphoneos/prebuilt-modules/26.5/Darwin.swiftmodule/arm64e-apple-ios.swiftmodule /Applications/Xcode_26.6.app/Contents/Developer/Toolchains/XcodeDefault.xctoolchain/usr/lib/swift/iphoneos/prebuilt-modules/26.5/QuartzCore.swiftmodule/arm64e-apple-ios.swiftmodule /Applications/Xcode_26.6.app/Contents/Developer/Toolchains/XcodeDefault.xctoolchain/usr/lib/swift/iphoneos/prebuilt-modules/26.5/OSLog.swiftmodule/arm64e-apple-ios.swiftmodule /Applications/Xcode_26.6.app/Contents/Developer/Toolchains/XcodeDefault.xctoolchain/usr/lib/swift/iphoneos/prebuilt-modules/26.5/CoreSpotlight.swiftmodule/arm64e-apple-ios.swiftmodule /Applications/Xcode_26.6.app/Contents/Developer/Toolchains/XcodeDefault.xctoolchain/usr/lib/swift/iphoneos/prebuilt-modules/26.5/_StringProcessing.swiftmodule/arm64e-apple-ios.swiftmodule /Applications/Xcode_26.6.app/Contents/Developer/Toolchains/XcodeDefault.xctoolchain/usr/lib/swift/iphoneos/prebuilt-modules/26.5/CoreFoundation.swiftmodule/arm64e-apple-ios.swiftmodule /Applications/Xcode_26.6.app/Contents/Developer/Toolchains/XcodeDefault.xctoolchain/usr/lib/swift/iphoneos/prebuilt-modules/26.5/CoreText.swiftmodule/arm64e-apple-ios.swiftmodule /Applications/Xcode_26.6.app/Contents/Developer/Toolchains/XcodeDefault.xctoolchain/usr/lib/swift/iphoneos/prebuilt-modules/26.5/Accessibility.swiftmodule/arm64e-apple-ios.swiftmodule /Applications/Xcode_26.6.app/Contents/Developer/Toolchains/XcodeDefault.xctoolchain/usr/lib/swift/iphoneos/prebuilt-modules/26.5/System.swiftmodule/arm64e-apple-ios.swiftmodule /Applications/Xcode_26.6.app/Contents/Developer/Toolchains/XcodeDefault.xctoolchain/usr/lib/swift/iphoneos/prebuilt-modules/26.5/Speech.swiftmodule/arm64e-apple-ios.swiftmodule /Applications/Xcode_26.6.app/Contents/Developer/Toolchains/XcodeDefault.xctoolchain/usr/lib/swift/iphoneos/prebuilt-modules/26.5/AVFoundation.swiftmodule/arm64e-apple-ios.swiftmodule /Applications/Xcode_26.6.app/Contents/Developer/Toolchains/XcodeDefault.xctoolchain/usr/lib/swift/iphoneos/prebuilt-modules/26.5/Combine.swiftmodule/arm64e-apple-ios.swiftmodule /Applications/Xcode_26.6.app/Contents/Developer/Toolchains/XcodeDefault.xctoolchain/usr/lib/swift/iphoneos/prebuilt-modules/26.5/simd.swiftmodule/arm64e-apple-ios.swiftmodule /Applications/Xcode_26.6.app/Contents/Developer/Toolchains/XcodeDefault.xctoolchain/usr/lib/swift/iphoneos/prebuilt-modules/26.5/CoreImage.swiftmodule/arm64e-apple-ios.swiftmodule /Applications/Xcode_26.6.app/Contents/Developer/Toolchains/XcodeDefault.xctoolchain/usr/lib/swift/iphoneos/prebuilt-modules/26.5/DataDetection.swiftmodule/arm64e-apple-ios.swiftmodule /Applications/Xcode_26.6.app/Contents/Developer/Toolchains/XcodeDefault.xctoolchain/usr/lib/swift/iphoneos/prebuilt-modules/26.5/DeveloperToolsSupport.swiftmodule/arm64e-apple-ios.swiftmodule /Applications/Xcode_26.6.app/Contents/Developer/Toolchains/XcodeDefault.xctoolchain/usr/lib/swift/iphoneos/prebuilt-modules/26.5/LocalAuthentication.swiftmodule/arm64e-apple-ios.swiftmodule /Applications/Xcode_26.6.app/Contents/Developer/Toolchains/XcodeDefault.xctoolchain/usr/lib/swift/iphoneos/prebuilt-modules/26.5/MapKit.swiftmodule/arm64e-apple-ios.swiftmodule /Applications/Xcode_26.6.app/Contents/Developer/Toolchains/XcodeDefault.xctoolchain/usr/lib/swift/iphoneos/prebuilt-modules/26.5/Symbols.swiftmodule/arm64e-apple-ios.swiftmodule /Applications/Xcode_26.6.app/Contents/Developer/Toolchains/XcodeDefault.xctoolchain/usr/lib/swift/iphoneos/prebuilt-modules/26.5/_DarwinFoundation3.swiftmodule/arm64e-apple-ios.swiftmodule /Applications/Xcode_26.6.app/Contents/Developer/Toolchains/XcodeDefault.xctoolchain/usr/lib/swift/iphoneos/prebuilt-modules/26.5/Dispatch.swiftmodule/arm64e-apple-ios.swiftmodule /Users/runner/work/edith/edith/build/Build/Intermediates.noindex/SwiftExplicitPrecompiledModules/MWDATCamera-2WX22OXVI6T2Y.swiftmodule /Applications/Xcode_26.6.app/Contents/Developer/Toolchains/XcodeDefault.xctoolchain/usr/lib/swift/iphoneos/prebuilt-modules/26.5/CoreGraphics.swiftmodule/arm64e-apple-ios.swiftmodule /Applications/Xcode_26.6.app/Contents/Developer/Toolchains/XcodeDefault.xctoolchain/usr/lib/swift/iphoneos/prebuilt-modules/26.5/Distributed.swiftmodule/arm64e-apple-ios.swiftmodule /Applications/Xcode_26.6.app/Contents/Developer/Toolchains/XcodeDefault.xctoolchain/usr/lib/swift/iphoneos/prebuilt-modules/26.5/CoreAudio.swiftmodule/arm64e-apple-ios.swiftmodule /Applications/Xcode_26.6.app/Contents/Developer/Toolchains/XcodeDefault.xctoolchain/usr/lib/swift/iphoneos/prebuilt-modules/26.5/AVFAudio.swiftmodule/arm64e-apple-ios.swiftmodule /Applications/Xcode_26.6.app/Contents/Developer/Toolchains/XcodeDefault.xctoolchain/usr/lib/swift/iphoneos/prebuilt-modules/26.5/Network.swiftmodule/arm64e-apple-ios.swiftmodule /Applications/Xcode_26.6.app/Contents/Developer/Toolchains/XcodeDefault.xctoolchain/usr/lib/swift/iphoneos/prebuilt-modules/26.5/SwiftUICore.swiftmodule/arm64e-apple-ios.swiftmodule /Applications/Xcode_26.6.app/Contents/Developer/Toolchains/XcodeDefault.xctoolchain/usr/lib/swift/iphoneos/prebuilt-modules/26.5/Swift.swiftmodule/arm64e-apple-ios.swiftmodule /Applications/Xcode_26.6.app/Contents/Developer/Toolchains/XcodeDefault.xctoolchain/usr/lib/swift/iphoneos/prebuilt-modules/26.5/_Concurrency.swiftmodule/arm64e-apple-ios.swiftmodule /Applications/Xcode_26.6.app/Contents/Developer/Toolchains/XcodeDefault.xctoolchain/usr/lib/swift/iphoneos/prebuilt-modules/26.5/LightweightCodeRequirements.swiftmodule/arm64e-apple-ios.swiftmodule /Applications/Xcode_26.6.app/Contents/Developer/Toolchains/XcodeDefault.xctoolchain/usr/lib/swift/iphoneos/prebuilt-modules/26.5/UIKit.swiftmodule/arm64e-apple-ios.swiftmodule /Applications/Xcode_26.6.app/Contents/Developer/Toolchains/XcodeDefault.xctoolchain/usr/lib/swift/iphoneos/prebuilt-modules/26.5/CoreTransferable.swiftmodule/arm64e-apple-ios.swiftmodule /Applications/Xcode_26.6.app/Contents/Developer/Toolchains/XcodeDefault.xctoolchain/usr/lib/swift/iphoneos/prebuilt-modules/26.5/EventKit.swiftmodule/arm64e-apple-ios.swiftmodule /Applications/Xcode_26.6.app/Contents/Developer/Toolchains/XcodeDefault.xctoolchain/usr/lib/swift/iphoneos/prebuilt-modules/26.5/_DarwinFoundation1.swiftmodule/arm64e-apple-ios.swiftmodule /Applications/Xcode_26.6.app/Contents/Developer/Toolchains/XcodeDefault.xctoolchain/usr/lib/swift/iphoneos/prebuilt-modules/26.5/UniformTypeIdentifiers.swiftmodule/arm64e-apple-ios.swiftmodule /Applications/Xcode_26.6.app/Contents/Developer/Toolchains/XcodeDefault.xctoolchain/usr/lib/swift/iphoneos/prebuilt-modules/26.5/CoreLocation.swiftmodule/arm64e-apple-ios.swiftmodule /Applications/Xcode_26.6.app/Contents/Developer/Toolchains/XcodeDefault.xctoolchain/usr/lib/swift/iphoneos/prebuilt-modules/26.5/CoreVideo.swiftmodule/arm64e-apple-ios.swiftmodule /Users/runner/work/edith/edith/build/Build/Intermediates.noindex/SwiftExplicitPrecompiledModules/MWDATCore-3TNV9OWBETHCD.swiftmodule /Applications/Xcode_26.6.app/Contents/Developer/Toolchains/XcodeDefault.xctoolchain/usr/lib/swift/iphoneos/prebuilt-modules/26.5/Observation.swiftmodule/arm64e-apple-ios.swiftmodule /Applications/Xcode_26.6.app/Contents/Developer/Toolchains/XcodeDefault.xctoolchain/usr/lib/swift/iphoneos/prebuilt-modules/26.5/XPC.swiftmodule/arm64e-apple-ios.swiftmodule /Applications/Xcode_26.6.app/Contents/Developer/Toolchains/XcodeDefault.xctoolchain/usr/lib/swift/iphoneos/prebuilt-modules/26.5/Spatial.swiftmodule/arm64e-apple-ios.swiftmodule /Applications/Xcode_26.6.app/Contents/Developer/Toolchains/XcodeDefault.xctoolchain/usr/lib/swift/iphoneos/prebuilt-modules/26.5/CoreData.swiftmodule/arm64e-apple-ios.swiftmodule /Applications/Xcode_26.6.app/Contents/Developer/Toolchains/XcodeDefault.xctoolchain/usr/lib/swift/iphoneos/prebuilt-modules/26.5/ObjectiveC.swiftmodule/arm64e-apple-ios.swiftmodule /Applications/Xcode_26.6.app/Contents/Developer/Toolchains/XcodeDefault.xctoolchain/usr/lib/swift/iphoneos/prebuilt-modules/26.5/CoreMedia.swiftmodule/arm64e-apple-ios.swiftmodule /Applications/Xcode_26.6.app/Contents/Developer/Toolchains/XcodeDefault.xctoolchain/usr/lib/swift/iphoneos/prebuilt-modules/26.5/os.swiftmodule/arm64e-apple-ios.swiftmodule /Applications/Xcode_26.6.app/Contents/Developer/Toolchains/XcodeDefault.xctoolchain/usr/lib/swift/iphoneos/prebuilt-modules/26.5/VideoToolbox.swiftmodule/arm64e-apple-ios.swiftmodule /Applications/Xcode_26.6.app/Contents/Developer/Toolchains/XcodeDefault.xctoolchain/usr/lib/swift/iphoneos/prebuilt-modules/26.5/RelevanceKit.swiftmodule/arm64e-apple-ios.swiftmodule /Applications/Xcode_26.6.app/Contents/Developer/Toolchains/XcodeDefault.xctoolchain/usr/lib/swift/iphoneos/prebuilt-modules/26.5/Metal.swiftmodule/arm64e-apple-ios.swiftmodule /Applications/Xcode_26.6.app/Contents/Developer/Toolchains/XcodeDefault.xctoolchain/usr/lib/swift/iphoneos/prebuilt-modules/26.5/ExtensionFoundation.swiftmodule/arm64e-apple-ios.swiftmodule /Applications/Xcode_26.6.app/Contents/Developer/Toolchains/XcodeDefault.xctoolchain/usr/lib/swift/iphoneos/prebuilt-modules/26.5/_Builtin_float.swiftmodule/arm64e-apple-ios.swiftmodule /Applications/Xcode_26.6.app/Contents/Developer/Toolchains/XcodeDefault.xctoolchain/usr/lib/swift/iphoneos/prebuilt-modules/26.5/SwiftUI.swiftmodule/arm64e-apple-ios.swiftmodule /Users/runner/work/edith/edith/build/ModuleCache.noindex/Darwin-4G2S8VCVG2RTZZAVVFHWP2SCE.pcm /Users/runner/work/edith/edith/build/ModuleCache.noindex/sys_types-37ZYSYIGFNU8HDOADFO02OREL.pcm /Users/runner/work/edith/edith/build/ModuleCache.noindex/DataDetection-5J5DFX7MSMUWT93VQU4QJ2TY0.pcm /Users/runner/work/edith/edith/build/ModuleCache.noindex/FileProvider-C1X6MY30IUP82542BIMMGPOHL.pcm /Users/runner/work/edith/edith/build/ModuleCache.noindex/os_object-85UU78UCG8MNT2TWYB55VXQ9F.pcm /Users/runner/work/edith/edith/build/ModuleCache.noindex/_DarwinFoundation1-BGX5CPLI1Y7WSJ1WFXBVWQHL9.pcm /Users/runner/work/edith/edith/build/ModuleCache.noindex/os_workgroup-8025F5PQ3V3R4KUXKI5EE53O6.pcm /Users/runner/work/edith/edith/build/ModuleCache.noindex/CFNetwork-1DICKXT6WWZ8B39U5O1KGZ2S6.pcm /Users/runner/work/edith/edith/build/ModuleCache.noindex/CoreData-5C9LEI3GBXQTFPB3OYCYM1Q8E.pcm /Users/runner/work/edith/edith/build/ModuleCache.noindex/Accessibility-XV84SI6J20JIJ32M3FBP3EA9.pcm /Users/runner/work/edith/edith/build/ModuleCache.noindex/_Builtin_limits-33P3KQHLUI11DP0YN18W6MIRI.pcm /Users/runner/work/edith/edith/build/ModuleCache.noindex/UIUtilities-7OW5O1GIGA6IKA42FG4NMP7BH.pcm /Users/runner/work/edith/edith/build/ModuleCache.noindex/ExtensionFoundation-BR7NCYPP7JMH7OCCENY63RI7G.pcm /Users/runner/work/edith/edith/build/ModuleCache.noindex/ObjectiveC-7HJJQ3GXTKFQEPKZI5UTNSKV8.pcm /Users/runner/work/edith/edith/build/ModuleCache.noindex/_Builtin_tgmath-CAV6O12N0WBZAWY29IDCAY3D.pcm /Users/runner/work/edith/edith/build/ModuleCache.noindex/CoreImage-4XNYFUYJYFOJODSGLK6GRZAI9.pcm /Users/runner/work/edith/edith/build/ModuleCache.noindex/Metal-2UVOQHMU9VFRVX3RLIPBW40LB.pcm /Users/runner/work/edith/edith/build/ModuleCache.noindex/os-6HY6YYQUH19B2ZT2ZG21Z3DKS.pcm /Users/runner/work/edith/edith/build/ModuleCache.noindex/CoreMedia-5CN6PZKRQ1GVISRH1WHJQVLRL.pcm /Users/runner/work/edith/edith/build/ModuleCache.noindex/AVFAudio-3UTN3R6XR0QA80PGW5Z0KPF6P.pcm /Users/runner/work/edith/edith/build/ModuleCache.noindex/LocalAuthentication-F4ZQ3I0HDMNWCZ5A7UFFG44GH.pcm /Users/runner/work/edith/edith/build/ModuleCache.noindex/CoreSpotlight-1SQA0OTL9O6N6BELIHEMC6P8H.pcm /Users/runner/work/edith/edith/build/ModuleCache.noindex/OSLog-4ZA9CZ6BR3AS7FZEXUMOQL21E.pcm /Users/runner/work/edith/edith/build/ModuleCache.noindex/_LocationEssentials-12SG06AXN1MH2RWVW4YGLVVMF.pcm /Users/runner/work/edith/edith/build/ModuleCache.noindex/_Builtin_float-8O1WLJW1MY6A0FC70GXOMTNGF.pcm /Users/runner/work/edith/edith/build/ModuleCache.noindex/ImageIO-1C50ARE6U6SH4CAHWYZ42GVIA.pcm /Users/runner/work/edith/edith/build/ModuleCache.noindex/CoreMIDI-CGQR7DYZBBAYXS0AEC9E20I8T.pcm /Users/runner/work/edith/edith/build/ModuleCache.noindex/ptrauth-5SMG6NAP9S4C05ZV13KU7KZ3O.pcm /Users/runner/work/edith/edith/build/ModuleCache.noindex/Security-6SN62TZAXPGWO3TYUGG85EDPS.pcm /Users/runner/work/edith/edith/build/ModuleCache.noindex/UserNotifications-AQH1A6LUPCQWJ5KWYADV2NFLC.pcm /Users/runner/work/edith/edith/build/ModuleCache.noindex/_Builtin_stdatomic-DHVSBUDFG3710YTW4PY41S9OJ.pcm /Users/runner/work/edith/edith/build/ModuleCache.noindex/MapKit-84GFEKEBY0YXGUTBVVE6K6383.pcm /Users/runner/work/edith/edith/build/ModuleCache.noindex/AudioToolbox-7M12HZ97HCSBASR2GKUHC61QA.pcm /Users/runner/work/edith/edith/build/ModuleCache.noindex/VideoToolbox-AV752O10NRERJSLMASGFI83NY.pcm /Users/runner/work/edith/edith/build/ModuleCache.noindex/CoreFoundation-33ZIT7ZE3AGXY6I5O3UXW7SLI.pcm /Users/runner/work/edith/edith/build/ModuleCache.noindex/QuartzCore-A2EC2P93HVVCHXVO9CSZ3MHWW.pcm /Users/runner/work/edith/edith/build/ModuleCache.noindex/_AvailabilityInternal-6CMVMVOZIGFXZ5N6EOY5PLJU2.pcm /Users/runner/work/edith/edith/build/ModuleCache.noindex/AVFoundation-7NK2WMPARI0V4VBZU5GNOP7MM.pcm /Users/runner/work/edith/edith/build/ModuleCache.noindex/SwiftShims-BJ8G22WF25YT5JA8193V2SNUT.pcm /Users/runner/work/edith/edith/build/ModuleCache.noindex/SwiftUICore-C7KMYG9EPCTV49LQY1HLX0QPC.pcm /Users/runner/work/edith/edith/build/ModuleCache.noindex/AppIntents-4YIDC5WHPZTNJXPQC6WCL7T3W.pcm /Users/runner/work/edith/edith/build/ModuleCache.noindex/Foundation-8UHY7Q9UF07ATUMWMFO4F8NN7.pcm /Users/runner/work/edith/edith/build/ModuleCache.noindex/SwiftUI-189602D9WB7IGZY3K9SRTM9EE.pcm /Users/runner/work/edith/edith/build/ModuleCache.noindex/Spatial-7BD7NL45UKT7HQ2Q39VV5LTLR.pcm /Users/runner/work/edith/edith/build/ModuleCache.noindex/_Builtin_stdint-5L58Q4JH7979WGYE8L9MXK8C.pcm /Users/runner/work/edith/edith/build/ModuleCache.noindex/CoreVideo-2WJDFMVEELST0UE103AGX4HKF.pcm /Users/runner/work/edith/edith/build/ModuleCache.noindex/XPC-CU6G0YT58A133ZO31Z7MVCL1H.pcm /Users/runner/work/edith/edith/build/ModuleCache.noindex/CoreLocation-A94W8GSSJHPQZ4RS8754OLL2.pcm /Users/runner/work/edith/edith/build/ModuleCache.noindex/Network-9EAYT7PB2FSC9C0JN0XLA4WY6.pcm /Users/runner/work/edith/edith/build/ModuleCache.noindex/_Builtin_stddef-50K41BLFSRVYASPFSVI9XOEA9.pcm /Users/runner/work/edith/edith/build/ModuleCache.noindex/ptrcheck-3C165AL79WWX9BPA0QEIIL46L.pcm /Users/runner/work/edith/edith/build/ModuleCache.noindex/EventKit-BGJOWS2YOBGY0OVW1ZH10NBNE.pcm /Users/runner/work/edith/edith/build/ModuleCache.noindex/MediaToolbox-9V4PDSC2QXUY0TJWXYXMEYK3U.pcm /Users/runner/work/edith/edith/build/ModuleCache.noindex/CoreGraphics-DUTVKZFLXBT82TC0UQFE77EFB.pcm /Users/runner/work/edith/edith/build/ModuleCache.noindex/CoreText-51PM2KUVNYS7IVX88FYOCYVFY.pcm /Users/runner/work/edith/edith/build/ModuleCache.noindex/UniformTypeIdentifiers-34L9D9386TZKQ8V2K8QTVUGCY.pcm /Users/runner/work/edith/edith/build/ModuleCache.noindex/CoreAudioTypes-4E5XAS9WJ260U05AB5IS122GY.pcm /Users/runner/work/edith/edith/build/ModuleCache.noindex/_Builtin_intrinsics-1MV43CU5Z5BNC878P7874FZPM.pcm /Users/runner/work/edith/edith/build/ModuleCache.noindex/DeveloperToolsSupport-8PGVQCCGSVW1DFQYGSVV81N03.pcm /Users/runner/work/edith/edith/build/ModuleCache.noindex/CoreAudio-8CTIDRYG5U30UY4H4ZYNZ8P8W.pcm /Users/runner/work/edith/edith/build/ModuleCache.noindex/IOSurface-DG2YJNIAS0A0DW3S5S11Q89ZW.pcm /Users/runner/work/edith/edith/build/ModuleCache.noindex/OpenGLES-4KR7OZDKNAN9A8PIIIEXTXQN9.pcm /Users/runner/work/edith/edith/build/ModuleCache.noindex/_SwiftConcurrencyShims-APXM1PMA56TFCDEDSM5Q886V3.pcm /Users/runner/work/edith/edith/build/ModuleCache.noindex/simd-PDD6XUQ0DXELOQ2N2QEE5MW9.pcm /Users/runner/work/edith/edith/build/ModuleCache.noindex/dnssd-1AQLIVK0OG46TCPJKFLWK5ZGE.pcm /Users/runner/work/edith/edith/build/ModuleCache.noindex/MachO-1GKR9JCTNHW48NPETBKARP2HO.pcm /Users/runner/work/edith/edith/build/ModuleCache.noindex/Speech-14TL0TTWDTULZ0U6C9A0DUZMZ.pcm /Users/runner/work/edith/edith/build/ModuleCache.noindex/_Builtin_stdarg-73C4XOQUB5ZXBUBH6ST3H9DSK.pcm /Users/runner/work/edith/edith/build/ModuleCache.noindex/UIKit-A5XYCYP4PHRYUS7LMB792RQSX.pcm /Users/runner/work/edith/edith/build/ModuleCache.noindex/Dispatch-2PDT0XJWKCILCR3T1AF54HF0R.pcm /Users/runner/work/edith/edith/build/ModuleCache.noindex/_Builtin_inttypes-EUR9K1Y1W43L86AOJXDG4H63J.pcm /Users/runner/work/edith/edith/build/ModuleCache.noindex/AVRouting-3HX2DVQAGM0E7FN5SC7YLJAH.pcm /Users/runner/work/edith/edith/build/ModuleCache.noindex/RelevanceKit-ETMFYGJN53TJVE9VM7YWRSYR6.pcm /Users/runner/work/edith/edith/build/ModuleCache.noindex/AddressBook-32OIK8MP53CLR1SH4EV7KT2IA.pcm /Users/runner/work/edith/edith/build/ModuleCache.noindex/_DarwinFoundation2-3A5B45DYYYX9OAMLIGLDKCU0E.pcm /Users/runner/work/edith/edith/build/ModuleCache.noindex/_DarwinFoundation3-BB6J1N0M3JEBF4KQT4V27G137.pcm /Users/runner/work/edith/edith/build/ModuleCache.noindex/_Builtin_stdbool-C8D17703KYQWJ2DJX2U6GJV5G.pcm /Users/runner/work/edith/edith/build/ModuleCache.noindex/CoreBluetooth-31GY4UDFKHK8BPQJU86TN0TOM.pcm /Users/runner/work/edith/edith/build/ModuleCache.noindex/CoreTransferable-2DTGYKR1YAJXYALQATA2709Q5.pcm /Users/runner/work/edith/edith/build/ModuleCache.noindex/Symbols-3A3DXB5Q6EV0XZLT87PQI02LZ.pcm /Users/runner/work/edith/edith/build/Build/Intermediates.noindex/Edith.build/Release-iphoneos/Edith.build/Objects-normal/arm64/Edith-dependencies-1.json (in target 'Edith' from project 'Edith')

CompileSwift normal arm64 (in target 'Edith' from project 'Edith')
    cd /Users/runner/work/edith/edith
    
/Users/runner/work/edith/edith/Edith/Sources/Brain/EdithController.swift:436:13: error: switch must be exhaustive
            switch event {
            ^
/Users/runner/work/edith/edith/Edith/Sources/Brain/EdithController.swift:436:13: note: add missing case: '.serverToolStarted(_)'
            switch event {
            ^
/Users/runner/work/edith/edith/Edith/Sources/Glasses/GlassesManager.swift:107:23: warning: 'as' test is always true
    } catch let error as RegistrationError {
                      ^
/Users/runner/work/edith/edith/Edith/Sources/Glasses/GlassesManager.swift:118:23: warning: 'as' test is always true
    } catch let error as UnregistrationError {
                      ^
/Users/runner/work/edith/edith/Edith/Sources/Glasses/GlassesManager.swift:137:23: warning: cast from 'WearablesHandleURLError' to unrelated type 'RegistrationError' always fails
    } catch let error as RegistrationError {
                      ^~ ~~~~~~~~~~~~~~~~~

Failed frontend command:
/Applications/Xcode_26.6.app/Contents/Developer/Toolchains/XcodeDefault.xctoolchain/usr/bin/swift-frontend -frontend -c /Users/runner/work/edith/edith/Edith/Sources/Audio/AudioSessionManager.swift /Users/runner/work/edith/edith/Edith/Sources/Services/CalendarService.swift /Users/runner/work/edith/edith/Edith/Sources/Audio/Chime.swift /Users/runner/work/edith/edith/Edith/Sources/Brain/ClaudeClient.swift /Users/runner/work/edith/edith/Edith/Sources/UI/ContentView.swift /Users/runner/work/edith/edith/Edith/Sources/Brain/Conversation.swift /Users/runner/work/edith/edith/Edith/Sources/EdithApp.swift /Users/runner/work/edith/edith/Edith/Sources/Brain/EdithController.swift /Users/runner/work/edith/edith/Edith/Sources/Intents/EdithIntents.swift /Users/runner/work/edith/edith/Edith/Sources/Audio/ElevenLabsClient.swift /Users/runner/work/edith/edith/Edith/Sources/Glasses/GlassesManager.swift /Users/runner/work/edith/edith/Edith/Sources/Core/Keychain.swift /Users/runner/work/edith/edith/Edith/Sources/Services/LocationService.swift /Users/runner/work/edith/edith/Edith/Sources/Core/Log.swift /Users/runner/work/edith/edith/Edith/Sources/UI/LogView.swift /Users/runner/work/edith/edith/Edith/Sources/Core/MemoryStore.swift /Users/runner/work/edith/edith/Edith/Sources/UI/MemoryView.swift /Users/runner/work/edith/edith/Edith/Sources/Audio/PCMPlayer.swift /Users/runner/work/edith/edith/Edith/Sources/Brain/SceneMemory.swift /Users/runner/work/edith/edith/Edith/Sources/Core/Settings.swift /Users/runner/work/edith/edith/Edith/Sources/UI/SettingsView.swift /Users/runner/work/edith/edith/Edith/Sources/Audio/Speaker.swift /Users/runner/work/edith/edith/Edith/Sources/Audio/SpeechListener.swift /Users/runner/work/edith/edith/Edith/Sources/Services/TimerService.swift /Users/runner/work/edith/edith/Edith/Sources/Brain/Tools.swift /Users/runner/work/edith/edith/Edith/Sources/Core/UsageTracker.swift /Users/runner/work/edith/edith/Edith/Sources/Glasses/VideoFrameDecoder.swift /Users/runner/work/edith/edith/build/Build/Intermediates.noindex/Edith.build/Release-iphoneos/Edith.build/DerivedSources/GeneratedAssetSymbols.swift -supplementary-output-file-map /Users/runner/work/edith/edith/build/Build/Intermediates.noindex/Edith.build/Release-iphoneos/Edith.build/Objects-normal/arm64/supplementaryOutputs-1 -target arm64-apple-ios17.2 -module-can-import-version DeveloperToolsSupport 23.40.26 23.40.26 -load-resolved-plugin /Applications/Xcode_26.6.app/Contents/Developer/Platforms/iPhoneOS.platform/Developer/usr/lib/swift/host/plugins/libAppIntentsMacros.dylib\#/Applications/Xcode_26.6.app/Contents/Developer/Platforms/iPhoneOS.platform/Developer/usr/bin/swift-plugin-server\#AppIntentsMacros -load-resolved-plugin /Applications/Xcode_26.6.app/Contents/Developer/Platforms/iPhoneOS.platform/Developer/usr/lib/swift/host/plugins/libFoundationMacros.dylib\#/Applications/Xcode_26.6.app/Contents/Developer/Platforms/iPhoneOS.platform/Developer/usr/bin/swift-plugin-server\#FoundationMacros -load-resolved-plugin /Applications/Xcode_26.6.app/Contents/Developer/Platforms/iPhoneOS.platform/Developer/usr/lib/swift/host/plugins/libObservationMacros.dylib\#/Applications/Xcode_26.6.app/Contents/Developer/Platforms/iPhoneOS.platform/Developer/usr/bin/swift-plugin-server\#ObservationMacros -load-resolved-plugin /Applications/Xcode_26.6.app/Contents/Developer/Platforms/iPhoneOS.platform/Developer/usr/lib/swift/host/plugins/libPreviewsMacros.dylib\#/Applications/Xcode_26.6.app/Contents/Developer/Platforms/iPhoneOS.platform/Developer/usr/bin/swift-plugin-server\#PreviewsMacros -load-resolved-plugin /Applications/Xcode_26.6.app/Contents/Developer/Platforms/iPhoneOS.platform/Developer/usr/lib/swift/host/plugins/libSwiftMacros.dylib\#/Applications/Xcode_26.6.app/Contents/Developer/Platforms/iPhoneOS.platform/Developer/usr/bin/swift-plugin-server\#SwiftMacros -load-resolved-plugin /Applications/Xcode_26.6.app/Contents/Developer/Platforms/iPhoneOS.platform/Developer/usr/lib/swift/host/plugins/libSwiftUIMacros.dylib\#/Applications/Xcode_26.6.app/Contents/Developer/Platforms/iPhoneOS.platform/Developer/usr/bin/swift-plugin-server\#SwiftUIMacros -disable-implicit-swift-modules -Xcc -fno-implicit-modules -Xcc -fno-implicit-module-maps -explicit-swift-module-map-file /Users/runner/work/edith/edith/build/Build/Intermediates.noindex/Edith.build/Release-iphoneos/Edith.build/Objects-normal/arm64/Edith-dependencies-1.json -debug-module-path /Users/runner/work/edith/edith/build/Build/Intermediates.noindex/Edith.build/Release-iphoneos/Edith.build/Objects-normal/arm64/Edith.swiftmodule -Xllvm -aarch64-use-tbi -enable-objc-interop -stack-check -sdk /Applications/Xcode_26.6.app/Contents/Developer/Platforms/iPhoneOS.platform/Developer/SDKs/iPhoneOS26.5.sdk -I /Users/runner/work/edith/edith/build/Build/Products/Release-iphoneos -F /Users/runner/work/edith/edith/build/Build/Products/Release-iphoneos -no-color-diagnostics -Xcc -fno-color-diagnostics -g -debug-info-format\=dwarf -dwarf-version\=4 -module-cache-path /Users/runner/work/edith/edith/build/Build/Intermediates.noindex/SwiftExplicitPrecompiledModules -swift-version 5 -O -serialize-debugging-options -const-gather-protocols-file /Users/runner/work/edith/edith/build/Build/Intermediates.noindex/Edith.build/Release-iphoneos/Edith.build/Objects-normal/arm64/Edith_const_extract_protocols.json -enable-experimental-feature DebugDescriptionMacro -enable-bare-slash-regex -empty-abi-descriptor -validate-clang-modules-once -clang-build-session-file /Users/runner/work/edith/edith/build/ModuleCache.noindex/Session.modulevalidation -Xcc -working-directory -Xcc /Users/runner/work/edith/edith -file-compilation-dir /Users/runner/work/edith/edith -Xcc -ivfsstatcache -Xcc /Users/runner/work/edith/edith/build/SDKStatCaches.noindex/iphoneos26.5-23F81a-688ef53f1462e2c8f657fdc38a81448fee66e23052a0157c865c76b268046726.sdkstatcache -Xcc -I/Users/runner/work/edith/edith/build/Build/Intermediates.noindex/Edith.build/Release-iphoneos/Edith.build/swift-overrides.hmap -Xcc -iquote -Xcc /Users/runner/work/edith/edith/build/Build/Intermediates.noindex/Edith.build/Release-iphoneos/Edith.build/Edith-generated-files.hmap -Xcc -I/Users/runner/work/edith/edith/build/Build/Intermediates.noindex/Edith.build/Release-iphoneos/Edith.build/Edith-own-target-headers.hmap -Xcc -I/Users/runner/work/edith/edith/build/Build/Intermediates.noindex/Edith.build/Release-iphoneos/Edith.build/Edith-all-target-headers.hmap -Xcc -iquote -Xcc /Users/runner/work/edith/edith/build/Build/Intermediates.noindex/Edith.build/Release-iphoneos/Edith.build/Edith-project-headers.hmap -Xcc -I/Users/runner/work/edith/edith/build/Build/Products/Release-iphoneos/include -Xcc -I/Users/runner/work/edith/edith/build/Build/Intermediates.noindex/Edith.build/Release-iphoneos/Edith.build/DerivedSources-normal/arm64 -Xcc -I/Users/runner/work/edith/edith/build/Build/Intermediates.noindex/Edith.build/Release-iphoneos/Edith.build/DerivedSources/arm64 -Xcc -I/Users/runner/work/edith/edith/build/Build/Intermediates.noindex/Edith.build/Release-iphoneos/Edith.build/DerivedSources -no-auto-bridging-header-chaining -module-name Edith -frontend-parseable-output -disable-clang-spi -clang-target arm64-apple-ios26.5 -target-sdk-version 26.5 -target-sdk-name iphoneos26.5 -in-process-plugin-server-path /Applications/Xcode_26.6.app/Contents/Developer/Toolchains/XcodeDefault.xctoolchain/usr/lib/swift/host/libSwiftInProcPluginServer.dylib -enable-default-cmo -num-threads 3 -o /Users/runner/work/edith/edith/build/Build/Intermediates.noindex/Edith.build/Release-iphoneos/Edith.build/Objects-normal/arm64/AudioSessionManager.o -o /Users/runner/work/edith/edith/build/Build/Intermediates.noindex/Edith.build/Release-iphoneos/Edith.build/Objects-normal/arm64/CalendarService.o -o /Users/runner/work/edith/edith/build/Build/Intermediates.noindex/Edith.build/Release-iphoneos/Edith.build/Objects-normal/arm64/Chime.o -o /Users/runner/work/edith/edith/build/Build/Intermediates.noindex/Edith.build/Release-iphoneos/Edith.build/Objects-normal/arm64/ClaudeClient.o -o /Users/runner/work/edith/edith/build/Build/Intermediates.noindex/Edith.build/Release-iphoneos/Edith.build/Objects-normal/arm64/ContentView.o -o /Users/runner/work/edith/edith/build/Build/Intermediates.noindex/Edith.build/Release-iphoneos/Edith.build/Objects-normal/arm64/Conversation.o -o /Users/runner/work/edith/edith/build/Build/Intermediates.noindex/Edith.build/Release-iphoneos/Edith.build/Objects-normal/arm64/EdithApp.o -o /Users/runner/work/edith/edith/build/Build/Intermediates.noindex/Edith.build/Release-iphoneos/Edith.build/Objects-normal/arm64/EdithController.o -o /Users/runner/work/edith/edith/build/Build/Intermediates.noindex/Edith.build/Release-iphoneos/Edith.build/Objects-normal/arm64/EdithIntents.o -o /Users/runner/work/edith/edith/build/Build/Intermediates.noindex/Edith.build/Release-iphoneos/Edith.build/Objects-normal/arm64/ElevenLabsClient.o -o /Users/runner/work/edith/edith/build/Build/Intermediates.noindex/Edith.build/Release-iphoneos/Edith.build/Objects-normal/arm64/GlassesManager.o -o /Users/runner/work/edith/edith/build/Build/Intermediates.noindex/Edith.build/Release-iphoneos/Edith.build/Objects-normal/arm64/Keychain.o -o /Users/runner/work/edith/edith/build/Build/Intermediates.noindex/Edith.build/Release-iphoneos/Edith.build/Objects-normal/arm64/LocationService.o -o /Users/runner/work/edith/edith/build/Build/Intermediates.noindex/Edith.build/Release-iphoneos/Edith.build/Objects-normal/arm64/Log.o -o /Users/runner/work/edith/edith/build/Build/Intermediates.noindex/Edith.build/Release-iphoneos/Edith.build/Objects-normal/arm64/LogView.o -o /Users/runner/work/edith/edith/build/Build/Intermediates.noindex/Edith.build/Release-iphoneos/Edith.build/Objects-normal/arm64/MemoryStore.o -o /Users/runner/work/edith/edith/build/Build/Intermediates.noindex/Edith.build/Release-iphoneos/Edith.build/Objects-normal/arm64/MemoryView.o -o /Users/runner/work/edith/edith/build/Build/Intermediates.noindex/Edith.build/Release-iphoneos/Edith.build/Objects-normal/arm64/PCMPlayer.o -o /Users/runner/work/edith/edith/build/Build/Intermediates.noindex/Edith.build/Release-iphoneos/Edith.build/Objects-normal/arm64/SceneMemory.o -o /Users/runner/work/edith/edith/build/Build/Intermediates.noindex/Edith.build/Release-iphoneos/Edith.build/Objects-normal/arm64/Settings.o -o /Users/runner/work/edith/edith/build/Build/Intermediates.noindex/Edith.build/Release-iphoneos/Edith.build/Objects-normal/arm64/SettingsView.o -o /Users/runner/work/edith/edith/build/Build/Intermediates.noindex/Edith.build/Release-iphoneos/Edith.build/Objects-normal/arm64/Speaker.o -o /Users/runner/work/edith/edith/build/Build/Intermediates.noindex/Edith.build/Release-iphoneos/Edith.build/Objects-normal/arm64/SpeechListener.o -o /Users/runner/work/edith/edith/build/Build/Intermediates.noindex/Edith.build/Release-iphoneos/Edith.build/Objects-normal/arm64/TimerService.o -o /Users/runner/work/edith/edith/build/Build/Intermediates.noindex/Edith.build/Release-iphoneos/Edith.build/Objects-normal/arm64/Tools.o -o /Users/runner/work/edith/edith/build/Build/Intermediates.noindex/Edith.build/Release-iphoneos/Edith.build/Objects-normal/arm64/UsageTracker.o -o /Users/runner/work/edith/edith/build/Build/Intermediates.noindex/Edith.build/Release-iphoneos/Edith.build/Objects-normal/arm64/VideoFrameDecoder.o -o /Users/runner/work/edith/edith/build/Build/Intermediates.noindex/Edith.build/Release-iphoneos/Edith.build/Objects-normal/arm64/GeneratedAssetSymbols.o -index-unit-output-path /Edith.build/Release-iphoneos/Edith.build/Objects-normal/arm64/AudioSessionManager.o -index-unit-output-path /Edith.build/Release-iphoneos/Edith.build/Objects-normal/arm64/CalendarService.o -index-unit-output-path /Edith.build/Release-iphoneos/Edith.build/Objects-normal/arm64/Chime.o -index-unit-output-path /Edith.build/Release-iphoneos/Edith.build/Objects-normal/arm64/ClaudeClient.o -index-unit-output-path /Edith.build/Release-iphoneos/Edith.build/Objects-normal/arm64/ContentView.o -index-unit-output-path /Edith.build/Release-iphoneos/Edith.build/Objects-normal/arm64/Conversation.o -index-unit-output-path /Edith.build/Release-iphoneos/Edith.build/Objects-normal/arm64/EdithApp.o -index-unit-output-path /Edith.build/Release-iphoneos/Edith.build/Objects-normal/arm64/EdithController.o -index-unit-output-path /Edith.build/Release-iphoneos/Edith.build/Objects-normal/arm64/EdithIntents.o -index-unit-output-path /Edith.build/Release-iphoneos/Edith.build/Objects-normal/arm64/ElevenLabsClient.o -index-unit-output-path /Edith.build/Release-iphoneos/Edith.build/Objects-normal/arm64/GlassesManager.o -index-unit-output-path /Edith.build/Release-iphoneos/Edith.build/Objects-normal/arm64/Keychain.o -index-unit-output-path /Edith.build/Release-iphoneos/Edith.build/Objects-normal/arm64/LocationService.o -index-unit-output-path /Edith.build/Release-iphoneos/Edith.build/Objects-normal/arm64/Log.o -index-unit-output-path /Edith.build/Release-iphoneos/Edith.build/Objects-normal/arm64/LogView.o -index-unit-output-path /Edith.build/Release-iphoneos/Edith.build/Objects-normal/arm64/MemoryStore.o -index-unit-output-path /Edith.build/Release-iphoneos/Edith.build/Objects-normal/arm64/MemoryView.o -index-unit-output-path /Edith.build/Release-iphoneos/Edith.build/Objects-normal/arm64/PCMPlayer.o -index-unit-output-path /Edith.build/Release-iphoneos/Edith.build/Objects-normal/arm64/SceneMemory.o -index-unit-output-path /Edith.build/Release-iphoneos/Edith.build/Objects-normal/arm64/Settings.o -index-unit-output-path /Edith.build/Release-iphoneos/Edith.build/Objects-normal/arm64/SettingsView.o -index-unit-output-path /Edith.build/Release-iphoneos/Edith.build/Objects-normal/arm64/Speaker.o -index-unit-output-path /Edith.build/Release-iphoneos/Edith.build/Objects-normal/arm64/SpeechListener.o -index-unit-output-path /Edith.build/Release-iphoneos/Edith.build/Objects-normal/arm64/TimerService.o -index-unit-output-path /Edith.build/Release-iphoneos/Edith.build/Objects-normal/arm64/Tools.o -index-unit-output-path /Edith.build/Release-iphoneos/Edith.build/Objects-normal/arm64/UsageTracker.o -index-unit-output-path /Edith.build/Release-iphoneos/Edith.build/Objects-normal/arm64/VideoFrameDecoder.o -index-unit-output-path /Edith.build/Release-iphoneos/Edith.build/Objects-normal/arm64/GeneratedAssetSymbols.o
** BUILD FAILED **


The following build commands failed:
	CompileSwift normal arm64 (in target 'Edith' from project 'Edith')
	SwiftCompile normal arm64 Compiling\ AudioSessionManager.swift,\ CalendarService.swift,\ Chime.swift,\ ClaudeClient.swift,\ ContentView.swift,\ Conversation.swift,\ EdithApp.swift,\ EdithController.swift,\ EdithIntents.swift,\ ElevenLabsClient.swift,\ GlassesManager.swift,\ Keychain.swift,\ LocationService.swift,\ Log.swift,\ LogView.swift,\ MemoryStore.swift,\ MemoryView.swift,\ PCMPlayer.swift,\ SceneMemory.swift,\ Settings.swift,\ SettingsView.swift,\ Speaker.swift,\ SpeechListener.swift,\ TimerService.swift,\ Tools.swift,\ UsageTracker.swift,\ VideoFrameDecoder.swift,\ GeneratedAssetSymbols.swift /Users/runner/work/edith/edith/Edith/Sources/Audio/AudioSessionManager.swift /Users/runner/work/edith/edith/Edith/Sources/Services/CalendarService.swift /Users/runner/work/edith/edith/Edith/Sources/Audio/Chime.swift /Users/runner/work/edith/edith/Edith/Sources/Brain/ClaudeClient.swift /Users/runner/work/edith/edith/Edith/Sources/UI/ContentView.swift /Users/runner/work/edith/edith/Edith/Sources/Brain/Conversation.swift /Users/runner/work/edith/edith/Edith/Sources/EdithApp.swift /Users/runner/work/edith/edith/Edith/Sources/Brain/EdithController.swift /Users/runner/work/edith/edith/Edith/Sources/Intents/EdithIntents.swift /Users/runner/work/edith/edith/Edith/Sources/Audio/ElevenLabsClient.swift /Users/runner/work/edith/edith/Edith/Sources/Glasses/GlassesManager.swift /Users/runner/work/edith/edith/Edith/Sources/Core/Keychain.swift /Users/runner/work/edith/edith/Edith/Sources/Services/LocationService.swift /Users/runner/work/edith/edith/Edith/Sources/Core/Log.swift /Users/runner/work/edith/edith/Edith/Sources/UI/LogView.swift /Users/runner/work/edith/edith/Edith/Sources/Core/MemoryStore.swift /Users/runner/work/edith/edith/Edith/Sources/UI/MemoryView.swift /Users/runner/work/edith/edith/Edith/Sources/Audio/PCMPlayer.swift /Users/runner/work/edith/edith/Edith/Sources/Brain/SceneMemory.swift /Users/runner/work/edith/edith/Edith/Sources/Core/Settings.swift /Users/runner/work/edith/edith/Edith/Sources/UI/SettingsView.swift /Users/runner/work/edith/edith/Edith/Sources/Audio/Speaker.swift /Users/runner/work/edith/edith/Edith/Sources/Audio/SpeechListener.swift /Users/runner/work/edith/edith/Edith/Sources/Services/TimerService.swift /Users/runner/work/edith/edith/Edith/Sources/Brain/Tools.swift /Users/runner/work/edith/edith/Edith/Sources/Core/UsageTracker.swift /Users/runner/work/edith/edith/Edith/Sources/Glasses/VideoFrameDecoder.swift /Users/runner/work/edith/edith/build/Build/Intermediates.noindex/Edith.build/Release-iphoneos/Edith.build/DerivedSources/GeneratedAssetSymbols.swift /Applications/Xcode_26.6.app/Contents/Developer/Toolchains/XcodeDefault.xctoolchain/usr/lib/swift/iphoneos/prebuilt-modules/26.5/CryptoKit.swiftmodule/arm64e-apple-ios.swiftmodule /Applications/Xcode_26.6.app/Contents/Developer/Toolchains/XcodeDefault.xctoolchain/usr/lib/swift/iphoneos/prebuilt-modules/26.5/CoreMIDI.swiftmodule/arm64e-apple-ios.swiftmodule /Applications/Xcode_26.6.app/Contents/Developer/Toolchains/XcodeDefault.xctoolchain/usr/lib/swift/iphoneos/prebuilt-modules/26.5/_DarwinFoundation2.swiftmodule/arm64e-apple-ios.swiftmodule /Applications/Xcode_26.6.app/Contents/Developer/Toolchains/XcodeDefault.xctoolchain/usr/lib/swift/iphoneos/prebuilt-modules/26.5/AudioToolbox.swiftmodule/arm64e-apple-ios.swiftmodule /Applications/Xcode_26.6.app/Contents/Developer/Toolchains/XcodeDefault.xctoolchain/usr/lib/swift/iphoneos/prebuilt-modules/26.5/GeoToolbox.swiftmodule/arm64e-apple-ios.swiftmodule /Applications/Xcode_26.6.app/Contents/Developer/Toolchains/XcodeDefault.xctoolchain/usr/lib/swift/iphoneos/prebuilt-modules/26.5/Foundation.swiftmodule/arm64e-apple-ios.swiftmodule /Applications/Xcode_26.6.app/Contents/Developer/Toolchains/XcodeDefault.xctoolchain/usr/lib/swift/iphoneos/prebuilt-modules/26.5/FileProvider.swiftmodule/arm64e-apple-ios.swiftmodule /Applications/Xcode_26.6.app/Contents/Developer/Toolchains/XcodeDefault.xctoolchain/usr/lib/swift/iphoneos/prebuilt-modules/26.5/AppIntents.swiftmodule/arm64e-apple-ios.swiftmodule /Applications/Xcode_26.6.app/Contents/Developer/Toolchains/XcodeDefault.xctoolchain/usr/lib/swift/iphoneos/prebuilt-modules/26.5/Synchronization.swiftmodule/arm64e-apple-ios.swiftmodule /Applications/Xcode_26.6.app/Contents/Developer/Toolchains/XcodeDefault.xctoolchain/usr/lib/swift/iphoneos/prebuilt-modules/26.5/Darwin.swiftmodule/arm64e-apple-ios.swiftmodule /Applications/Xcode_26.6.app/Contents/Developer/Toolchains/XcodeDefault.xctoolchain/usr/lib/swift/iphoneos/prebuilt-modules/26.5/QuartzCore.swiftmodule/arm64e-apple-ios.swiftmodule /Applications/Xcode_26.6.app/Contents/Developer/Toolchains/XcodeDefault.xctoolchain/usr/lib/swift/iphoneos/prebuilt-modules/26.5/OSLog.swiftmodule/arm64e-apple-ios.swiftmodule /Applications/Xcode_26.6.app/Contents/Developer/Toolchains/XcodeDefault.xctoolchain/usr/lib/swift/iphoneos/prebuilt-modules/26.5/CoreSpotlight.swiftmodule/arm64e-apple-ios.swiftmodule /Applications/Xcode_26.6.app/Contents/Developer/Toolchains/XcodeDefault.xctoolchain/usr/lib/swift/iphoneos/prebuilt-modules/26.5/_StringProcessing.swiftmodule/arm64e-apple-ios.swiftmodule /Applications/Xcode_26.6.app/Contents/Developer/Toolchains/XcodeDefault.xctoolchain/usr/lib/swift/iphoneos/prebuilt-modules/26.5/CoreFoundation.swiftmodule/arm64e-apple-ios.swiftmodule /Applications/Xcode_26.6.app/Contents/Developer/Toolchains/XcodeDefault.xctoolchain/usr/lib/swift/iphoneos/prebuilt-modules/26.5/CoreText.swiftmodule/arm64e-apple-ios.swiftmodule /Applications/Xcode_26.6.app/Contents/Developer/Toolchains/XcodeDefault.xctoolchain/usr/lib/swift/iphoneos/prebuilt-modules/26.5/Accessibility.swiftmodule/arm64e-apple-ios.swiftmodule /Applications/Xcode_26.6.app/Contents/Developer/Toolchains/XcodeDefault.xctoolchain/usr/lib/swift/iphoneos/prebuilt-modules/26.5/System.swiftmodule/arm64e-apple-ios.swiftmodule /Applications/Xcode_26.6.app/Contents/Developer/Toolchains/XcodeDefault.xctoolchain/usr/lib/swift/iphoneos/prebuilt-modules/26.5/Speech.swiftmodule/arm64e-apple-ios.swiftmodule /Applications/Xcode_26.6.app/Contents/Developer/Toolchains/XcodeDefault.xctoolchain/usr/lib/swift/iphoneos/prebuilt-modules/26.5/AVFoundation.swiftmodule/arm64e-apple-ios.swiftmodule /Applications/Xcode_26.6.app/Contents/Developer/Toolchains/XcodeDefault.xctoolchain/usr/lib/swift/iphoneos/prebuilt-modules/26.5/Combine.swiftmodule/arm64e-apple-ios.swiftmodule /Applications/Xcode_26.6.app/Contents/Developer/Toolchains/XcodeDefault.xctoolchain/usr/lib/swift/iphoneos/prebuilt-modules/26.5/simd.swiftmodule/arm64e-apple-ios.swiftmodule /Applications/Xcode_26.6.app/Contents/Developer/Toolchains/XcodeDefault.xctoolchain/usr/lib/swift/iphoneos/prebuilt-modules/26.5/CoreImage.swiftmodule/arm64e-apple-ios.swiftmodule /Applications/Xcode_26.6.app/Contents/Developer/Toolchains/XcodeDefault.xctoolchain/usr/lib/swift/iphoneos/prebuilt-modules/26.5/DataDetection.swiftmodule/arm64e-apple-ios.swiftmodule /Applications/Xcode_26.6.app/Contents/Developer/Toolchains/XcodeDefault.xctoolchain/usr/lib/swift/iphoneos/prebuilt-modules/26.5/DeveloperToolsSupport.swiftmodule/arm64e-apple-ios.swiftmodule /Applications/Xcode_26.6.app/Contents/Developer/Toolchains/XcodeDefault.xctoolchain/usr/lib/swift/iphoneos/prebuilt-modules/26.5/LocalAuthentication.swiftmodule/arm64e-apple-ios.swiftmodule /Applications/Xcode_26.6.app/Contents/Developer/Toolchains/XcodeDefault.xctoolchain/usr/lib/swift/iphoneos/prebuilt-modules/26.5/MapKit.swiftmodule/arm64e-apple-ios.swiftmodule /Applications/Xcode_26.6.app/Contents/Developer/Toolchains/XcodeDefault.xctoolchain/usr/lib/swift/iphoneos/prebuilt-modules/26.5/Symbols.swiftmodule/arm64e-apple-ios.swiftmodule /Applications/Xcode_26.6.app/Contents/Developer/Toolchains/XcodeDefault.xctoolchain/usr/lib/swift/iphoneos/prebuilt-modules/26.5/_DarwinFoundation3.swiftmodule/arm64e-apple-ios.swiftmodule /Applications/Xcode_26.6.app/Contents/Developer/Toolchains/XcodeDefault.xctoolchain/usr/lib/swift/iphoneos/prebuilt-modules/26.5/Dispatch.swiftmodule/arm64e-apple-ios.swiftmodule /Users/runner/work/edith/edith/build/Build/Intermediates.noindex/SwiftExplicitPrecompiledModules/MWDATCamera-2WX22OXVI6T2Y.swiftmodule /Applications/Xcode_26.6.app/Contents/Developer/Toolchains/XcodeDefault.xctoolchain/usr/lib/swift/iphoneos/prebuilt-modules/26.5/CoreGraphics.swiftmodule/arm64e-apple-ios.swiftmodule /Applications/Xcode_26.6.app/Contents/Developer/Toolchains/XcodeDefault.xctoolchain/usr/lib/swift/iphoneos/prebuilt-modules/26.5/Distributed.swiftmodule/arm64e-apple-ios.swiftmodule /Applications/Xcode_26.6.app/Contents/Developer/Toolchains/XcodeDefault.xctoolchain/usr/lib/swift/iphoneos/prebuilt-modules/26.5/CoreAudio.swiftmodule/arm64e-apple-ios.swiftmodule /Applications/Xcode_26.6.app/Contents/Developer/Toolchains/XcodeDefault.xctoolchain/usr/lib/swift/iphoneos/prebuilt-modules/26.5/AVFAudio.swiftmodule/arm64e-apple-ios.swiftmodule /Applications/Xcode_26.6.app/Contents/Developer/Toolchains/XcodeDefault.xctoolchain/usr/lib/swift/iphoneos/prebuilt-modules/26.5/Network.swiftmodule/arm64e-apple-ios.swiftmodule /Applications/Xcode_26.6.app/Contents/Developer/Toolchains/XcodeDefault.xctoolchain/usr/lib/swift/iphoneos/prebuilt-modules/26.5/SwiftUICore.swiftmodule/arm64e-apple-ios.swiftmodule /Applications/Xcode_26.6.app/Contents/Developer/Toolchains/XcodeDefault.xctoolchain/usr/lib/swift/iphoneos/prebuilt-modules/26.5/Swift.swiftmodule/arm64e-apple-ios.swiftmodule /Applications/Xcode_26.6.app/Contents/Developer/Toolchains/XcodeDefault.xctoolchain/usr/lib/swift/iphoneos/prebuilt-modules/26.5/_Concurrency.swiftmodule/arm64e-apple-ios.swiftmodule /Applications/Xcode_26.6.app/Contents/Developer/Toolchains/XcodeDefault.xctoolchain/usr/lib/swift/iphoneos/prebuilt-modules/26.5/LightweightCodeRequirements.swiftmodule/arm64e-apple-ios.swiftmodule /Applications/Xcode_26.6.app/Contents/Developer/Toolchains/XcodeDefault.xctoolchain/usr/lib/swift/iphoneos/prebuilt-modules/26.5/UIKit.swiftmodule/arm64e-apple-ios.swiftmodule /Applications/Xcode_26.6.app/Contents/Developer/Toolchains/XcodeDefault.xctoolchain/usr/lib/swift/iphoneos/prebuilt-modules/26.5/CoreTransferable.swiftmodule/arm64e-apple-ios.swiftmodule /Applications/Xcode_26.6.app/Contents/Developer/Toolchains/XcodeDefault.xctoolchain/usr/lib/swift/iphoneos/prebuilt-modules/26.5/EventKit.swiftmodule/arm64e-apple-ios.swiftmodule /Applications/Xcode_26.6.app/Contents/Developer/Toolchains/XcodeDefault.xctoolchain/usr/lib/swift/iphoneos/prebuilt-modules/26.5/_DarwinFoundation1.swiftmodule/arm64e-apple-ios.swiftmodule /Applications/Xcode_26.6.app/Contents/Developer/Toolchains/XcodeDefault.xctoolchain/usr/lib/swift/iphoneos/prebuilt-modules/26.5/UniformTypeIdentifiers.swiftmodule/arm64e-apple-ios.swiftmodule /Applications/Xcode_26.6.app/Contents/Developer/Toolchains/XcodeDefault.xctoolchain/usr/lib/swift/iphoneos/prebuilt-modules/26.5/CoreLocation.swiftmodule/arm64e-apple-ios.swiftmodule /Applications/Xcode_26.6.app/Contents/Developer/Toolchains/XcodeDefault.xctoolchain/usr/lib/swift/iphoneos/prebuilt-modules/26.5/CoreVideo.swiftmodule/arm64e-apple-ios.swiftmodule /Users/runner/work/edith/edith/build/Build/Intermediates.noindex/SwiftExplicitPrecompiledModules/MWDATCore-3TNV9OWBETHCD.swiftmodule /Applications/Xcode_26.6.app/Contents/Developer/Toolchains/XcodeDefault.xctoolchain/usr/lib/swift/iphoneos/prebuilt-modules/26.5/Observation.swiftmodule/arm64e-apple-ios.swiftmodule /Applications/Xcode_26.6.app/Contents/Developer/Toolchains/XcodeDefault.xctoolchain/usr/lib/swift/iphoneos/prebuilt-modules/26.5/XPC.swiftmodule/arm64e-apple-ios.swiftmodule /Applications/Xcode_26.6.app/Contents/Developer/Toolchains/XcodeDefault.xctoolchain/usr/lib/swift/iphoneos/prebuilt-modules/26.5/Spatial.swiftmodule/arm64e-apple-ios.swiftmodule /Applications/Xcode_26.6.app/Contents/Developer/Toolchains/XcodeDefault.xctoolchain/usr/lib/swift/iphoneos/prebuilt-modules/26.5/CoreData.swiftmodule/arm64e-apple-ios.swiftmodule /Applications/Xcode_26.6.app/Contents/Developer/Toolchains/XcodeDefault.xctoolchain/usr/lib/swift/iphoneos/prebuilt-modules/26.5/ObjectiveC.swiftmodule/arm64e-apple-ios.swiftmodule /Applications/Xcode_26.6.app/Contents/Developer/Toolchains/XcodeDefault.xctoolchain/usr/lib/swift/iphoneos/prebuilt-modules/26.5/CoreMedia.swiftmodule/arm64e-apple-ios.swiftmodule /Applications/Xcode_26.6.app/Contents/Developer/Toolchains/XcodeDefault.xctoolchain/usr/lib/swift/iphoneos/prebuilt-modules/26.5/os.swiftmodule/arm64e-apple-ios.swiftmodule /Applications/Xcode_26.6.app/Contents/Developer/Toolchains/XcodeDefault.xctoolchain/usr/lib/swift/iphoneos/prebuilt-modules/26.5/VideoToolbox.swiftmodule/arm64e-apple-ios.swiftmodule /Applications/Xcode_26.6.app/Contents/Developer/Toolchains/XcodeDefault.xctoolchain/usr/lib/swift/iphoneos/prebuilt-modules/26.5/RelevanceKit.swiftmodule/arm64e-apple-ios.swiftmodule /Applications/Xcode_26.6.app/Contents/Developer/Toolchains/XcodeDefault.xctoolchain/usr/lib/swift/iphoneos/prebuilt-modules/26.5/Metal.swiftmodule/arm64e-apple-ios.swiftmodule /Applications/Xcode_26.6.app/Contents/Developer/Toolchains/XcodeDefault.xctoolchain/usr/lib/swift/iphoneos/prebuilt-modules/26.5/ExtensionFoundation.swiftmodule/arm64e-apple-ios.swiftmodule /Applications/Xcode_26.6.app/Contents/Developer/Toolchains/XcodeDefault.xctoolchain/usr/lib/swift/iphoneos/prebuilt-modules/26.5/_Builtin_float.swiftmodule/arm64e-apple-ios.swiftmodule /Applications/Xcode_26.6.app/Contents/Developer/Toolchains/XcodeDefault.xctoolchain/usr/lib/swift/iphoneos/prebuilt-modules/26.5/SwiftUI.swiftmodule/arm64e-apple-ios.swiftmodule /Users/runner/work/edith/edith/build/ModuleCache.noindex/Darwin-4G2S8VCVG2RTZZAVVFHWP2SCE.pcm /Users/runner/work/edith/edith/build/ModuleCache.noindex/sys_types-37ZYSYIGFNU8HDOADFO02OREL.pcm /Users/runner/work/edith/edith/build/ModuleCache.noindex/DataDetection-5J5DFX7MSMUWT93VQU4QJ2TY0.pcm /Users/runner/work/edith/edith/build/ModuleCache.noindex/FileProvider-C1X6MY30IUP82542BIMMGPOHL.pcm /Users/runner/work/edith/edith/build/ModuleCache.noindex/os_object-85UU78UCG8MNT2TWYB55VXQ9F.pcm /Users/runner/work/edith/edith/build/ModuleCache.noindex/_DarwinFoundation1-BGX5CPLI1Y7WSJ1WFXBVWQHL9.pcm /Users/runner/work/edith/edith/build/ModuleCache.noindex/os_workgroup-8025F5PQ3V3R4KUXKI5EE53O6.pcm /Users/runner/work/edith/edith/build/ModuleCache.noindex/CFNetwork-1DICKXT6WWZ8B39U5O1KGZ2S6.pcm /Users/runner/work/edith/edith/build/ModuleCache.noindex/CoreData-5C9LEI3GBXQTFPB3OYCYM1Q8E.pcm /Users/runner/work/edith/edith/build/ModuleCache.noindex/Accessibility-XV84SI6J20JIJ32M3FBP3EA9.pcm /Users/runner/work/edith/edith/build/ModuleCache.noindex/_Builtin_limits-33P3KQHLUI11DP0YN18W6MIRI.pcm /Users/runner/work/edith/edith/build/ModuleCache.noindex/UIUtilities-7OW5O1GIGA6IKA42FG4NMP7BH.pcm /Users/runner/work/edith/edith/build/ModuleCache.noindex/ExtensionFoundation-BR7NCYPP7JMH7OCCENY63RI7G.pcm /Users/runner/work/edith/edith/build/ModuleCache.noindex/ObjectiveC-7HJJQ3GXTKFQEPKZI5UTNSKV8.pcm /Users/runner/work/edith/edith/build/ModuleCache.noindex/_Builtin_tgmath-CAV6O12N0WBZAWY29IDCAY3D.pcm /Users/runner/work/edith/edith/build/ModuleCache.noindex/CoreImage-4XNYFUYJYFOJODSGLK6GRZAI9.pcm /Users/runner/work/edith/edith/build/ModuleCache.noindex/Metal-2UVOQHMU9VFRVX3RLIPBW40LB.pcm /Users/runner/work/edith/edith/build/ModuleCache.noindex/os-6HY6YYQUH19B2ZT2ZG21Z3DKS.pcm /Users/runner/work/edith/edith/build/ModuleCache.noindex/CoreMedia-5CN6PZKRQ1GVISRH1WHJQVLRL.pcm /Users/runner/work/edith/edith/build/ModuleCache.noindex/AVFAudio-3UTN3R6XR0QA80PGW5Z0KPF6P.pcm /Users/runner/work/edith/edith/build/ModuleCache.noindex/LocalAuthentication-F4ZQ3I0HDMNWCZ5A7UFFG44GH.pcm /Users/runner/work/edith/edith/build/ModuleCache.noindex/CoreSpotlight-1SQA0OTL9O6N6BELIHEMC6P8H.pcm /Users/runner/work/edith/edith/build/ModuleCache.noindex/OSLog-4ZA9CZ6BR3AS7FZEXUMOQL21E.pcm /Users/runner/work/edith/edith/build/ModuleCache.noindex/_LocationEssentials-12SG06AXN1MH2RWVW4YGLVVMF.pcm /Users/runner/work/edith/edith/build/ModuleCache.noindex/_Builtin_float-8O1WLJW1MY6A0FC70GXOMTNGF.pcm /Users/runner/work/edith/edith/build/ModuleCache.noindex/ImageIO-1C50ARE6U6SH4CAHWYZ42GVIA.pcm /Users/runner/work/edith/edith/build/ModuleCache.noindex/CoreMIDI-CGQR7DYZBBAYXS0AEC9E20I8T.pcm /Users/runner/work/edith/edith/build/ModuleCache.noindex/ptrauth-5SMG6NAP9S4C05ZV13KU7KZ3O.pcm /Users/runner/work/edith/edith/build/ModuleCache.noindex/Security-6SN62TZAXPGWO3TYUGG85EDPS.pcm /Users/runner/work/edith/edith/build/ModuleCache.noindex/UserNotifications-AQH1A6LUPCQWJ5KWYADV2NFLC.pcm /Users/runner/work/edith/edith/build/ModuleCache.noindex/_Builtin_stdatomic-DHVSBUDFG3710YTW4PY41S9OJ.pcm /Users/runner/work/edith/edith/build/ModuleCache.noindex/MapKit-84GFEKEBY0YXGUTBVVE6K6383.pcm /Users/runner/work/edith/edith/build/ModuleCache.noindex/AudioToolbox-7M12HZ97HCSBASR2GKUHC61QA.pcm /Users/runner/work/edith/edith/build/ModuleCache.noindex/VideoToolbox-AV752O10NRERJSLMASGFI83NY.pcm /Users/runner/work/edith/edith/build/ModuleCache.noindex/CoreFoundation-33ZIT7ZE3AGXY6I5O3UXW7SLI.pcm /Users/runner/work/edith/edith/build/ModuleCache.noindex/QuartzCore-A2EC2P93HVVCHXVO9CSZ3MHWW.pcm /Users/runner/work/edith/edith/build/ModuleCache.noindex/_AvailabilityInternal-6CMVMVOZIGFXZ5N6EOY5PLJU2.pcm /Users/runner/work/edith/edith/build/ModuleCache.noindex/AVFoundation-7NK2WMPARI0V4VBZU5GNOP7MM.pcm /Users/runner/work/edith/edith/build/ModuleCache.noindex/SwiftShims-BJ8G22WF25YT5JA8193V2SNUT.pcm /Users/runner/work/edith/edith/build/ModuleCache.noindex/SwiftUICore-C7KMYG9EPCTV49LQY1HLX0QPC.pcm /Users/runner/work/edith/edith/build/ModuleCache.noindex/AppIntents-4YIDC5WHPZTNJXPQC6WCL7T3W.pcm /Users/runner/work/edith/edith/build/ModuleCache.noindex/Foundation-8UHY7Q9UF07ATUMWMFO4F8NN7.pcm /Users/runner/work/edith/edith/build/ModuleCache.noindex/SwiftUI-189602D9WB7IGZY3K9SRTM9EE.pcm /Users/runner/work/edith/edith/build/ModuleCache.noindex/Spatial-7BD7NL45UKT7HQ2Q39VV5LTLR.pcm /Users/runner/work/edith/edith/build/ModuleCache.noindex/_Builtin_stdint-5L58Q4JH7979WGYE8L9MXK8C.pcm /Users/runner/work/edith/edith/build/ModuleCache.noindex/CoreVideo-2WJDFMVEELST0UE103AGX4HKF.pcm /Users/runner/work/edith/edith/build/ModuleCache.noindex/XPC-CU6G0YT58A133ZO31Z7MVCL1H.pcm /Users/runner/work/edith/edith/build/ModuleCache.noindex/CoreLocation-A94W8GSSJHPQZ4RS8754OLL2.pcm /Users/runner/work/edith/edith/build/ModuleCache.noindex/Network-9EAYT7PB2FSC9C0JN0XLA4WY6.pcm /Users/runner/work/edith/edith/build/ModuleCache.noindex/_Builtin_stddef-50K41BLFSRVYASPFSVI9XOEA9.pcm /Users/runner/work/edith/edith/build/ModuleCache.noindex/ptrcheck-3C165AL79WWX9BPA0QEIIL46L.pcm /Users/runner/work/edith/edith/build/ModuleCache.noindex/EventKit-BGJOWS2YOBGY0OVW1ZH10NBNE.pcm /Users/runner/work/edith/edith/build/ModuleCache.noindex/MediaToolbox-9V4PDSC2QXUY0TJWXYXMEYK3U.pcm /Users/runner/work/edith/edith/build/ModuleCache.noindex/CoreGraphics-DUTVKZFLXBT82TC0UQFE77EFB.pcm /Users/runner/work/edith/edith/build/ModuleCache.noindex/CoreText-51PM2KUVNYS7IVX88FYOCYVFY.pcm /Users/runner/work/edith/edith/build/ModuleCache.noindex/UniformTypeIdentifiers-34L9D9386TZKQ8V2K8QTVUGCY.pcm /Users/runner/work/edith/edith/build/ModuleCache.noindex/CoreAudioTypes-4E5XAS9WJ260U05AB5IS122GY.pcm /Users/runner/work/edith/edith/build/ModuleCache.noindex/_Builtin_intrinsics-1MV43CU5Z5BNC878P7874FZPM.pcm /Users/runner/work/edith/edith/build/ModuleCache.noindex/DeveloperToolsSupport-8PGVQCCGSVW1DFQYGSVV81N03.pcm /Users/runner/work/edith/edith/build/ModuleCache.noindex/CoreAudio-8CTIDRYG5U30UY4H4ZYNZ8P8W.pcm /Users/runner/work/edith/edith/build/ModuleCache.noindex/IOSurface-DG2YJNIAS0A0DW3S5S11Q89ZW.pcm /Users/runner/work/edith/edith/build/ModuleCache.noindex/OpenGLES-4KR7OZDKNAN9A8PIIIEXTXQN9.pcm /Users/runner/work/edith/edith/build/ModuleCache.noindex/_SwiftConcurrencyShims-APXM1PMA56TFCDEDSM5Q886V3.pcm /Users/runner/work/edith/edith/build/ModuleCache.noindex/simd-PDD6XUQ0DXELOQ2N2QEE5MW9.pcm /Users/runner/work/edith/edith/build/ModuleCache.noindex/dnssd-1AQLIVK0OG46TCPJKFLWK5ZGE.pcm /Users/runner/work/edith/edith/build/ModuleCache.noindex/MachO-1GKR9JCTNHW48NPETBKARP2HO.pcm /Users/runner/work/edith/edith/build/ModuleCache.noindex/Speech-14TL0TTWDTULZ0U6C9A0DUZMZ.pcm /Users/runner/work/edith/edith/build/ModuleCache.noindex/_Builtin_stdarg-73C4XOQUB5ZXBUBH6ST3H9DSK.pcm /Users/runner/work/edith/edith/build/ModuleCache.noindex/UIKit-A5XYCYP4PHRYUS7LMB792RQSX.pcm /Users/runner/work/edith/edith/build/ModuleCache.noindex/Dispatch-2PDT0XJWKCILCR3T1AF54HF0R.pcm /Users/runner/work/edith/edith/build/ModuleCache.noindex/_Builtin_inttypes-EUR9K1Y1W43L86AOJXDG4H63J.pcm /Users/runner/work/edith/edith/build/ModuleCache.noindex/AVRouting-3HX2DVQAGM0E7FN5SC7YLJAH.pcm /Users/runner/work/edith/edith/build/ModuleCache.noindex/RelevanceKit-ETMFYGJN53TJVE9VM7YWRSYR6.pcm /Users/runner/work/edith/edith/build/ModuleCache.noindex/AddressBook-32OIK8MP53CLR1SH4EV7KT2IA.pcm /Users/runner/work/edith/edith/build/ModuleCache.noindex/_DarwinFoundation2-3A5B45DYYYX9OAMLIGLDKCU0E.pcm /Users/runner/work/edith/edith/build/ModuleCache.noindex/_DarwinFoundation3-BB6J1N0M3JEBF4KQT4V27G137.pcm /Users/runner/work/edith/edith/build/ModuleCache.noindex/_Builtin_stdbool-C8D17703KYQWJ2DJX2U6GJV5G.pcm /Users/runner/work/edith/edith/build/ModuleCache.noindex/CoreBluetooth-31GY4UDFKHK8BPQJU86TN0TOM.pcm /Users/runner/work/edith/edith/build/ModuleCache.noindex/CoreTransferable-2DTGYKR1YAJXYALQATA2709Q5.pcm /Users/runner/work/edith/edith/build/ModuleCache.noindex/Symbols-3A3DXB5Q6EV0XZLT87PQI02LZ.pcm /Users/runner/work/edith/edith/build/Build/Intermediates.noindex/Edith.build/Release-iphoneos/Edith.build/Objects-normal/arm64/Edith-dependencies-1.json (in target 'Edith' from project 'Edith')
	Building project Edith with scheme Edith and configuration Release
(3 failures)
